id,label
TEST_0000,55
TEST_0001,55
TEST_0002,55
TEST_0003,55
TEST_0004,55
TEST_0005,55
TEST_0006,55
TEST_0007,55
TEST_0008,55
TEST_0009,55
TEST_0010,55
TEST_0011,55
TEST_0012,55
TEST_0013,55
TEST_0014,55
TEST_0015,55
TEST_0016,55
TEST_0017,55
TEST_0018,55
TEST_0019,55
TEST_0020,55
TEST_0021,55
TEST_0022,55
TEST_0023,55
TEST_0024,55
TEST_0025,55
TEST_0026,55
TEST_0027,55
TEST_0028,55
TEST_0029,55
TEST_0030,55
TEST_0031,55
TEST_0032,55
TEST_0033,55
TEST_0034,55
TEST_0035,55
TEST_0036,55
TEST_0037,55
TEST_0038,55
TEST_0039,55
TEST_0040,55
TEST_0041,55
TEST_0042,55
TEST_0043,55
TEST_0044,55
TEST_0045,55
TEST_0046,55
TEST_0047,55
TEST_0048,55
TEST_0049,55
TEST_0050,55
TEST_0051,55
TEST_0052,55
TEST_0053,55
TEST_0054,55
TEST_0055,55
TEST_0056,55
TEST_0057,55
TEST_0058,55
TEST_0059,55
TEST_0060,55
TEST_0061,55
TEST_0062,55
TEST_0063,55
TEST_0064,55
TEST_0065,55
TEST_0066,55
TEST_0067,55
TEST_0068,55
TEST_0069,55
TEST_0070,55
TEST_0071,55
TEST_0072,55
TEST_0073,55
TEST_0074,55
TEST_0075,55
TEST_0076,55
TEST_0077,55
TEST_0078,55
TEST_0079,55
TEST_0080,55
TEST_0081,55
TEST_0082,55
TEST_0083,55
TEST_0084,55
TEST_0085,55
TEST_0086,55
TEST_0087,55
TEST_0088,55
TEST_0089,55
TEST_0090,55
TEST_0091,55
TEST_0092,55
TEST_0093,55
TEST_0094,55
TEST_0095,55
TEST_0096,55
TEST_0097,55
TEST_0098,55
TEST_0099,55
TEST_0100,55
TEST_0101,55
TEST_0102,55
TEST_0103,55
TEST_0104,55
TEST_0105,55
TEST_0106,55
TEST_0107,55
TEST_0108,55
TEST_0109,55
TEST_0110,55
TEST_0111,55
TEST_0112,55
TEST_0113,55
TEST_0114,55
TEST_0115,55
TEST_0116,55
TEST_0117,55
TEST_0118,55
TEST_0119,55
TEST_0120,55
TEST_0121,55
TEST_0122,55
TEST_0123,55
TEST_0124,55
TEST_0125,55
TEST_0126,55
TEST_0127,55
TEST_0128,55
TEST_0129,55
TEST_0130,55
TEST_0131,55
TEST_0132,55
TEST_0133,55
TEST_0134,55
TEST_0135,55
TEST_0136,55
TEST_0137,55
TEST_0138,55
TEST_0139,55
TEST_0140,55
TEST_0141,55
TEST_0142,55
TEST_0143,55
TEST_0144,55
TEST_0145,55
TEST_0146,55
TEST_0147,55
TEST_0148,55
TEST_0149,55
TEST_0150,55
TEST_0151,55
TEST_0152,55
TEST_0153,55
TEST_0154,55
TEST_0155,55
TEST_0156,55
TEST_0157,55
TEST_0158,55
TEST_0159,55
TEST_0160,55
TEST_0161,55
TEST_0162,55
TEST_0163,55
TEST_0164,55
TEST_0165,55
TEST_0166,55
TEST_0167,55
TEST_0168,55
TEST_0169,55
TEST_0170,55
TEST_0171,55
TEST_0172,55
TEST_0173,55
TEST_0174,55
TEST_0175,55
TEST_0176,55
TEST_0177,55
TEST_0178,55
TEST_0179,55
TEST_0180,55
TEST_0181,55
TEST_0182,55
TEST_0183,55
TEST_0184,55
TEST_0185,55
TEST_0186,55
TEST_0187,55
TEST_0188,55
TEST_0189,55
TEST_0190,55
TEST_0191,55
TEST_0192,55
TEST_0193,55
TEST_0194,55
TEST_0195,55
TEST_0196,55
TEST_0197,55
TEST_0198,55
TEST_0199,55
TEST_0200,55
TEST_0201,55
TEST_0202,55
TEST_0203,55
TEST_0204,55
TEST_0205,55
TEST_0206,55
TEST_0207,55
TEST_0208,55
TEST_0209,55
TEST_0210,55
TEST_0211,55
TEST_0212,55
TEST_0213,55
TEST_0214,55
TEST_0215,55
TEST_0216,55
TEST_0217,55
TEST_0218,55
TEST_0219,55
TEST_0220,55
TEST_0221,55
TEST_0222,55
TEST_0223,55
TEST_0224,55
TEST_0225,55
TEST_0226,55
TEST_0227,55
TEST_0228,55
TEST_0229,55
TEST_0230,55
TEST_0231,55
TEST_0232,55
TEST_0233,55
TEST_0234,55
TEST_0235,55
TEST_0236,55
TEST_0237,55
TEST_0238,55
TEST_0239,55
TEST_0240,55
TEST_0241,55
TEST_0242,55
TEST_0243,55
TEST_0244,55
TEST_0245,55
TEST_0246,55
TEST_0247,55
TEST_0248,55
TEST_0249,55
TEST_0250,55
TEST_0251,55
TEST_0252,55
TEST_0253,55
TEST_0254,55
TEST_0255,55
TEST_0256,55
TEST_0257,55
TEST_0258,55
TEST_0259,55
TEST_0260,55
TEST_0261,55
TEST_0262,55
TEST_0263,55
TEST_0264,55
TEST_0265,55
TEST_0266,55
TEST_0267,55
TEST_0268,55
TEST_0269,55
TEST_0270,55
TEST_0271,55
TEST_0272,55
TEST_0273,55
TEST_0274,55
TEST_0275,55
TEST_0276,55
TEST_0277,55
TEST_0278,55
TEST_0279,55
TEST_0280,55
TEST_0281,55
TEST_0282,55
TEST_0283,55
TEST_0284,55
TEST_0285,55
TEST_0286,55
TEST_0287,55
TEST_0288,55
TEST_0289,55
TEST_0290,55
TEST_0291,55
TEST_0292,55
TEST_0293,55
TEST_0294,55
TEST_0295,55
TEST_0296,55
TEST_0297,55
TEST_0298,55
TEST_0299,55
TEST_0300,55
TEST_0301,55
TEST_0302,55
TEST_0303,55
TEST_0304,55
TEST_0305,55
TEST_0306,55
TEST_0307,55
TEST_0308,55
TEST_0309,55
TEST_0310,55
TEST_0311,55
TEST_0312,55
TEST_0313,55
TEST_0314,55
TEST_0315,55
TEST_0316,55
TEST_0317,55
TEST_0318,55
TEST_0319,55
TEST_0320,55
TEST_0321,55
TEST_0322,55
TEST_0323,55
TEST_0324,55
TEST_0325,55
TEST_0326,55
TEST_0327,55
TEST_0328,55
TEST_0329,55
TEST_0330,55
TEST_0331,55
TEST_0332,55
TEST_0333,55
TEST_0334,55
TEST_0335,55
TEST_0336,55
TEST_0337,55
TEST_0338,55
TEST_0339,55
TEST_0340,55
TEST_0341,55
TEST_0342,55
TEST_0343,55
TEST_0344,55
TEST_0345,55
TEST_0346,55
TEST_0347,55
TEST_0348,55
TEST_0349,55
TEST_0350,55
TEST_0351,55
TEST_0352,55
TEST_0353,55
TEST_0354,55
TEST_0355,55
TEST_0356,55
TEST_0357,55
TEST_0358,55
TEST_0359,55
TEST_0360,55
TEST_0361,55
TEST_0362,55
TEST_0363,55
TEST_0364,55
TEST_0365,55
TEST_0366,55
TEST_0367,55
TEST_0368,55
TEST_0369,55
TEST_0370,55
TEST_0371,55
TEST_0372,55
TEST_0373,55
TEST_0374,55
TEST_0375,55
TEST_0376,55
TEST_0377,55
TEST_0378,55
TEST_0379,55
TEST_0380,55
TEST_0381,55
TEST_0382,55
TEST_0383,55
TEST_0384,55
TEST_0385,55
TEST_0386,55
TEST_0387,55
TEST_0388,55
TEST_0389,55
TEST_0390,55
TEST_0391,55
TEST_0392,55
TEST_0393,55
TEST_0394,55
TEST_0395,55
TEST_0396,55
TEST_0397,55
TEST_0398,55
TEST_0399,55
TEST_0400,55
TEST_0401,55
TEST_0402,55
TEST_0403,55
TEST_0404,55
TEST_0405,55
TEST_0406,55
TEST_0407,55
TEST_0408,55
TEST_0409,55
TEST_0410,55
TEST_0411,55
TEST_0412,55
TEST_0413,55
TEST_0414,55
TEST_0415,55
TEST_0416,55
TEST_0417,55
TEST_0418,55
TEST_0419,55
TEST_0420,55
TEST_0421,55
TEST_0422,55
TEST_0423,55
TEST_0424,55
TEST_0425,55
TEST_0426,55
TEST_0427,55
TEST_0428,55
TEST_0429,55
TEST_0430,55
TEST_0431,55
TEST_0432,55
TEST_0433,55
TEST_0434,55
TEST_0435,55
TEST_0436,55
TEST_0437,55
TEST_0438,55
TEST_0439,55
TEST_0440,55
TEST_0441,55
TEST_0442,55
TEST_0443,55
TEST_0444,55
TEST_0445,55
TEST_0446,55
TEST_0447,55
TEST_0448,55
TEST_0449,55
TEST_0450,55
TEST_0451,55
TEST_0452,55
TEST_0453,55
TEST_0454,55
TEST_0455,55
TEST_0456,55
TEST_0457,55
TEST_0458,55
TEST_0459,55
TEST_0460,55
TEST_0461,55
TEST_0462,55
TEST_0463,55
TEST_0464,55
TEST_0465,55
TEST_0466,55
TEST_0467,55
TEST_0468,55
TEST_0469,55
TEST_0470,55
TEST_0471,55
TEST_0472,55
TEST_0473,55
TEST_0474,55
TEST_0475,55
TEST_0476,55
TEST_0477,55
TEST_0478,55
TEST_0479,55
TEST_0480,55
TEST_0481,55
TEST_0482,55
TEST_0483,55
TEST_0484,55
TEST_0485,55
TEST_0486,55
TEST_0487,55
TEST_0488,55
TEST_0489,55
TEST_0490,55
TEST_0491,55
TEST_0492,55
TEST_0493,55
TEST_0494,55
TEST_0495,55
TEST_0496,55
TEST_0497,55
TEST_0498,55
TEST_0499,55
TEST_0500,55
TEST_0501,55
TEST_0502,55
TEST_0503,55
TEST_0504,55
TEST_0505,55
TEST_0506,55
TEST_0507,55
TEST_0508,55
TEST_0509,55
TEST_0510,55
TEST_0511,55
TEST_0512,55
TEST_0513,55
TEST_0514,55
TEST_0515,55
TEST_0516,55
TEST_0517,55
TEST_0518,55
TEST_0519,55
TEST_0520,55
TEST_0521,55
TEST_0522,55
TEST_0523,55
TEST_0524,55
TEST_0525,55
TEST_0526,55
TEST_0527,55
TEST_0528,55
TEST_0529,55
TEST_0530,55
TEST_0531,55
TEST_0532,55
TEST_0533,55
TEST_0534,55
TEST_0535,55
TEST_0536,55
TEST_0537,55
TEST_0538,55
TEST_0539,55
TEST_0540,55
TEST_0541,55
TEST_0542,55
TEST_0543,55
TEST_0544,55
TEST_0545,55
TEST_0546,55
TEST_0547,55
TEST_0548,55
TEST_0549,55
TEST_0550,55
TEST_0551,55
TEST_0552,55
TEST_0553,55
TEST_0554,55
TEST_0555,55
TEST_0556,55
TEST_0557,55
TEST_0558,55
TEST_0559,55
TEST_0560,55
TEST_0561,55
TEST_0562,55
TEST_0563,55
TEST_0564,55
TEST_0565,55
TEST_0566,55
TEST_0567,55
TEST_0568,55
TEST_0569,55
TEST_0570,55
TEST_0571,55
TEST_0572,55
TEST_0573,55
TEST_0574,55
TEST_0575,55
TEST_0576,55
TEST_0577,55
TEST_0578,55
TEST_0579,55
TEST_0580,55
TEST_0581,55
TEST_0582,55
TEST_0583,55
TEST_0584,55
TEST_0585,55
TEST_0586,55
TEST_0587,55
TEST_0588,55
TEST_0589,55
TEST_0590,55
TEST_0591,55
TEST_0592,55
TEST_0593,55
TEST_0594,55
TEST_0595,55
TEST_0596,55
TEST_0597,55
TEST_0598,55
TEST_0599,55
TEST_0600,55
TEST_0601,55
TEST_0602,55
TEST_0603,55
TEST_0604,55
TEST_0605,55
TEST_0606,55
TEST_0607,55
TEST_0608,55
TEST_0609,55
TEST_0610,55
TEST_0611,55
TEST_0612,55
TEST_0613,55
TEST_0614,55
TEST_0615,55
TEST_0616,55
TEST_0617,55
TEST_0618,55
TEST_0619,55
TEST_0620,55
TEST_0621,55
TEST_0622,55
TEST_0623,55
TEST_0624,55
TEST_0625,55
TEST_0626,55
TEST_0627,55
TEST_0628,55
TEST_0629,55
TEST_0630,55
TEST_0631,55
TEST_0632,55
TEST_0633,55
TEST_0634,55
TEST_0635,55
TEST_0636,55
TEST_0637,55
TEST_0638,55
TEST_0639,55
TEST_0640,55
TEST_0641,55
TEST_0642,55
TEST_0643,55
TEST_0644,55
TEST_0645,55
TEST_0646,55
TEST_0647,55
TEST_0648,55
TEST_0649,55
TEST_0650,55
TEST_0651,55
TEST_0652,55
TEST_0653,55
TEST_0654,55
TEST_0655,55
TEST_0656,55
TEST_0657,55
TEST_0658,55
TEST_0659,55
TEST_0660,55
TEST_0661,55
TEST_0662,55
TEST_0663,55
TEST_0664,55
TEST_0665,55
TEST_0666,55
TEST_0667,55
TEST_0668,55
TEST_0669,55
TEST_0670,55
TEST_0671,55
TEST_0672,55
TEST_0673,55
TEST_0674,55
TEST_0675,55
TEST_0676,55
TEST_0677,55
TEST_0678,55
TEST_0679,55
TEST_0680,55
TEST_0681,55
TEST_0682,55
TEST_0683,55
TEST_0684,55
TEST_0685,55
TEST_0686,55
TEST_0687,55
TEST_0688,55
TEST_0689,55
TEST_0690,55
TEST_0691,55
TEST_0692,55
TEST_0693,55
TEST_0694,55
TEST_0695,55
TEST_0696,55
TEST_0697,55
TEST_0698,55
TEST_0699,55
TEST_0700,55
TEST_0701,55
TEST_0702,55
TEST_0703,55
TEST_0704,55
TEST_0705,55
TEST_0706,55
TEST_0707,55
TEST_0708,55
TEST_0709,55
TEST_0710,55
TEST_0711,55
TEST_0712,55
TEST_0713,55
TEST_0714,55
TEST_0715,55
TEST_0716,55
TEST_0717,55
TEST_0718,55
TEST_0719,55
TEST_0720,55
TEST_0721,55
TEST_0722,55
TEST_0723,55
TEST_0724,55
TEST_0725,55
TEST_0726,55
TEST_0727,55
TEST_0728,55
TEST_0729,55
TEST_0730,55
TEST_0731,55
TEST_0732,55
TEST_0733,55
TEST_0734,55
TEST_0735,55
TEST_0736,55
TEST_0737,55
TEST_0738,55
TEST_0739,55
TEST_0740,55
TEST_0741,55
TEST_0742,55
TEST_0743,55
TEST_0744,55
TEST_0745,55
TEST_0746,55
TEST_0747,55
TEST_0748,55
TEST_0749,55
TEST_0750,55
TEST_0751,55
TEST_0752,55
TEST_0753,55
TEST_0754,55
TEST_0755,55
TEST_0756,55
TEST_0757,55
TEST_0758,55
TEST_0759,55
TEST_0760,55
TEST_0761,55
TEST_0762,55
TEST_0763,55
TEST_0764,55
TEST_0765,55
TEST_0766,55
TEST_0767,55
TEST_0768,55
TEST_0769,55
TEST_0770,55
TEST_0771,55
TEST_0772,55
TEST_0773,55
TEST_0774,55
TEST_0775,55
TEST_0776,55
TEST_0777,55
TEST_0778,55
TEST_0779,55
TEST_0780,55
TEST_0781,55
TEST_0782,55
TEST_0783,55
TEST_0784,55
TEST_0785,55
TEST_0786,55
TEST_0787,55
TEST_0788,55
TEST_0789,55
TEST_0790,55
TEST_0791,55
TEST_0792,55
TEST_0793,55
TEST_0794,55
TEST_0795,55
TEST_0796,55
TEST_0797,55
TEST_0798,55
TEST_0799,55
TEST_0800,55
TEST_0801,55
TEST_0802,55
TEST_0803,55
TEST_0804,55
TEST_0805,55
TEST_0806,55
TEST_0807,55
TEST_0808,55
TEST_0809,55
TEST_0810,55
TEST_0811,55
TEST_0812,55
TEST_0813,55
TEST_0814,55
TEST_0815,55
TEST_0816,55
TEST_0817,55
TEST_0818,55
TEST_0819,55
TEST_0820,55
TEST_0821,55
TEST_0822,55
TEST_0823,55
TEST_0824,55
TEST_0825,55
TEST_0826,55
TEST_0827,55
TEST_0828,55
TEST_0829,55
TEST_0830,55
TEST_0831,55
TEST_0832,55
TEST_0833,55
TEST_0834,55
TEST_0835,55
TEST_0836,55
TEST_0837,55
TEST_0838,55
TEST_0839,55
TEST_0840,55
TEST_0841,55
TEST_0842,55
TEST_0843,55
TEST_0844,55
TEST_0845,55
TEST_0846,55
TEST_0847,55
TEST_0848,55
TEST_0849,55
TEST_0850,55
TEST_0851,55
TEST_0852,55
TEST_0853,55
TEST_0854,55
TEST_0855,55
TEST_0856,55
TEST_0857,55
TEST_0858,55
TEST_0859,55
TEST_0860,55
TEST_0861,55
TEST_0862,55
TEST_0863,55
TEST_0864,55
TEST_0865,55
TEST_0866,55
TEST_0867,55
TEST_0868,55
TEST_0869,55
TEST_0870,55
TEST_0871,55
TEST_0872,55
TEST_0873,55
TEST_0874,55
TEST_0875,55
TEST_0876,55
TEST_0877,55
TEST_0878,55
TEST_0879,55
TEST_0880,55
TEST_0881,55
TEST_0882,55
TEST_0883,55
TEST_0884,55
TEST_0885,55
TEST_0886,55
TEST_0887,55
TEST_0888,55
TEST_0889,55
TEST_0890,55
TEST_0891,55
TEST_0892,55
TEST_0893,55
TEST_0894,55
TEST_0895,55
TEST_0896,55
TEST_0897,55
TEST_0898,55
TEST_0899,55
TEST_0900,55
TEST_0901,55
TEST_0902,55
TEST_0903,55
TEST_0904,55
TEST_0905,55
TEST_0906,55
TEST_0907,55
TEST_0908,55
TEST_0909,55
TEST_0910,55
TEST_0911,55
TEST_0912,55
TEST_0913,55
TEST_0914,55
TEST_0915,55
TEST_0916,55
TEST_0917,55
TEST_0918,55
TEST_0919,55
TEST_0920,55
TEST_0921,55
TEST_0922,55
TEST_0923,55
TEST_0924,55
TEST_0925,55
TEST_0926,55
TEST_0927,55
TEST_0928,55
TEST_0929,55
TEST_0930,55
TEST_0931,55
TEST_0932,55
TEST_0933,55
TEST_0934,55
TEST_0935,55
TEST_0936,55
TEST_0937,55
TEST_0938,55
TEST_0939,55
TEST_0940,55
TEST_0941,55
TEST_0942,55
TEST_0943,55
TEST_0944,55
TEST_0945,55
TEST_0946,55
TEST_0947,55
TEST_0948,55
TEST_0949,55
TEST_0950,55
TEST_0951,55
TEST_0952,55
TEST_0953,55
TEST_0954,55
TEST_0955,55
TEST_0956,55
TEST_0957,55
TEST_0958,55
TEST_0959,55
TEST_0960,55
TEST_0961,55
TEST_0962,55
TEST_0963,55
TEST_0964,55
TEST_0965,55
TEST_0966,55
TEST_0967,55
TEST_0968,55
TEST_0969,55
TEST_0970,55
TEST_0971,55
TEST_0972,55
TEST_0973,55
TEST_0974,55
TEST_0975,55
TEST_0976,55
TEST_0977,55
TEST_0978,55
TEST_0979,55
TEST_0980,55
TEST_0981,55
TEST_0982,55
TEST_0983,55
TEST_0984,55
TEST_0985,55
TEST_0986,55
TEST_0987,55
TEST_0988,55
TEST_0989,55
TEST_0990,55
TEST_0991,55
TEST_0992,55
TEST_0993,55
TEST_0994,55
TEST_0995,55
TEST_0996,55
TEST_0997,55
TEST_0998,55
TEST_0999,55
TEST_1000,55
TEST_1001,55
TEST_1002,55
TEST_1003,55
TEST_1004,55
TEST_1005,55
TEST_1006,55
TEST_1007,55
TEST_1008,55
TEST_1009,55
TEST_1010,55
TEST_1011,55
TEST_1012,55
TEST_1013,55
TEST_1014,55
TEST_1015,55
TEST_1016,55
TEST_1017,55
TEST_1018,55
TEST_1019,55
TEST_1020,55
TEST_1021,55
TEST_1022,55
TEST_1023,55
TEST_1024,55
TEST_1025,55
TEST_1026,55
TEST_1027,55
TEST_1028,55
TEST_1029,55
TEST_1030,55
TEST_1031,55
TEST_1032,55
TEST_1033,55
TEST_1034,55
TEST_1035,55
TEST_1036,55
TEST_1037,55
TEST_1038,55
TEST_1039,55
TEST_1040,55
TEST_1041,55
TEST_1042,55
TEST_1043,55
TEST_1044,55
TEST_1045,55
TEST_1046,55
TEST_1047,55
TEST_1048,55
TEST_1049,55
TEST_1050,55
TEST_1051,55
TEST_1052,55
TEST_1053,55
TEST_1054,55
TEST_1055,55
TEST_1056,55
TEST_1057,55
TEST_1058,55
TEST_1059,55
TEST_1060,55
TEST_1061,55
TEST_1062,55
TEST_1063,55
TEST_1064,55
TEST_1065,55
TEST_1066,55
TEST_1067,55
TEST_1068,55
TEST_1069,55
TEST_1070,55
TEST_1071,55
TEST_1072,55
TEST_1073,55
TEST_1074,55
TEST_1075,55
TEST_1076,55
TEST_1077,55
TEST_1078,55
TEST_1079,55
TEST_1080,55
TEST_1081,55
TEST_1082,55
TEST_1083,55
TEST_1084,55
TEST_1085,55
TEST_1086,55
TEST_1087,55
TEST_1088,55
TEST_1089,55
TEST_1090,55
TEST_1091,55
TEST_1092,55
TEST_1093,55
TEST_1094,55
TEST_1095,55
TEST_1096,55
TEST_1097,55
TEST_1098,55
TEST_1099,55
