id,sentence1,sentence2,sentence3,sentence4,label
TRAIN_000,"직원들 마음에 들지 않는다는 것은 알겠지만, 가지 말아야 할까? 인터넷에서 싸게 살 수 있는 것도 알면서 나만의 질문을 하려고 하니까요. 그런데 직원들은 걸어서 대화하거나, 아무 대답이 없는 경우가 많아요. 그래서 결국 인터넷에서 직접 찾아보고 구매하려고 생각했어요. 가지 마세요. 감정적으로 상하고 시간만 낭비하게 될 거에요.",직원들 진짜 싸가지 없어요 ㅋㅋㅋㅋ 가지 마숑  인터넷이 더 싼거 알면서도 이것저것 좀 물어보려는데  돈 되는거 사는거 물어보는 질문아니면.   직원이 아예 걸어가면서 말하거나... (고객은 뒤에 따라가면서 들음)  or  모르쇠로 일관 (무성의 말투로 ..)   그냥 인터넷에서 물어보고 인터넷으로 구매해야겠습니당.  가지마세요. 감정상하고 시간 아까움,"직원들 정말 싸가지 없네요 ㅋㅋㅋㅋ 인터넷에서 더 싸게 구입할 수 있다는 걸 알면서도 여러 가지를 물어보려고 했는데, 돈을 벌 수 있는 질문이 아니면 직원은 걸어가며 말하던지, 모르는 척하더라고요. (고객은 뒤를 따라가며 듣고 있음) 그냥 인터넷에서 문의하고 구매하면 되겠네요. 가지 마세요. 감정이 상하고 시간만 아까워요.","직원들의 태도가 정말 별로였어요 ㅋㅋㅋㅋ 가볼만한 가게라는 소문을 듣고 인터넷으로 더 싼 가격을 알고 있었는데, 여러 가지 질문을 하려고 했는데도 돈을 벌어야하는 질문이 아니면 직원들은 관심을 가지지 않았어요. 직원이 걸어가면서 말하거나... (고객은 직원 뒤를 따라가며 듣음) 또는 전혀 알지 못하는척 일관했어요 (무성의한 어조로...) 그냥 인터넷에서 질문하고 인터넷으로 구매해야겠어요. 가지마세요. 감정적으로 피해를 입히고 시간을 낭비할 뿐입니다.",2
TRAIN_001,"분위기 최고! 2층 창문이 넓어서 공기가 통하는 느낌이에요. 조명도 멋지고 음료와 디저트 종류도 다양해서 선택이 어려웠어요. 라떼, 아인슈페너, 타르트를 시켜서 함께 먹었는데 딸기타르트는 상큼하고 맛있었어요.","분위기가 너무 좋아요! 2층 창문이 넓어서 쾌적한 느낌이에요. 조명도 아름답고 음료와 디저트 종류가 다양해서 친구와 선택하기가 힘들었어요 ㅋㅋㅋ 라떼, 아인슈페너, 그리고 타르트를 시켜서 함께 먹었는데 딸기타르트는 상큼하고 정말 맛있었어요.","분위기가 짱!! 2층 창문이 커서 탁 트여있는 느낌이에요 ㅎㅎ 조명도 예쁘고 음료랑 디저트 종류도 많아서 친구랑 고르는데 힘들었네요 ㅜㅋㅋㅋ 라떼, 아인슈페너 그리구 타르트 시켜서 나눠 먹었는데 딸기타르트 상큼하고 너무 맛있었어요","분위기가 너무 좋아요! 2층 창문이 크고 넓어서 탁 트여있는 느낌이에요. 조명도 예뻐서 음료와 디저트를 고르는 것이 힘들었어요. 라떼, 아인슈페너, 타르트를 시켜서 나눠 먹었는데 딸기타르트는 상큼하고 맛있었어요.",3
TRAIN_002,"일단, 장사가 잘 되길 바라는 마음에서 별 다섯 개 드립니다. 간도 딱 맞았고, 저는 매운 음식을 좋아하니까 싱겁지도 않았어요. 다만, 당면사리와 라면사리가 함께 들어가는데, 면사리 양이 좀 많아서 국물이 금방 쫄고, 면도 금방 부글부글 끓어나오더라구요. 그래서 면을 한 가지만 사용하시는 건 어떨까요? 당면 면은 필요한 고객들에 한해서 주문을 받는 게 더 좋을 것 같아요. 번창하세요!",일단 장사가 잘되길 바라는 마음에서 별5개 드립니다 간도 맞았고 매운걸 좋아하는 입장에서 싱겁지도 짜지도 않아서 딱 좋았어요 다만 당면사리와 라면사리가 같이 들어가는데 면사리 양 자체가 좀 많아서 국물이금방 쫄고 면도 금방 불더라구요 그래서 면을 한가지만 사용하시는건 어떨까 싶네요 당면 면은 필요한 고객들에 한해서 주문을 넣도록 하는게 더 좋을거같아요 번창하세요!-,"일단 저는 장사가 잘되기를 바라는 마음에서 별 다섯 개를 주고 싶어요. 맛도 딱 맞았고, 저는 매운 음식을 좋아해서 맵기도 정확했습니다. 다만, 당면사리와 라면사리가 함께 들어가는데 면사리의 양이 많아서 국물이 빨리 쫄아들어가고 면도 금방 끓습니다. 그래서 면을 한 가지만 사용하시는 건 어떨까요? 당면 면은 필요한 고객들에 한해서 주문을 받는 게 더 좋을 것 같아요. 번창하세요!","먼저, 칭찬과 응원의 의미로 별 다섯 개를 주고 싶습니다. 간도 딱 맞고, 저는 매운 음식을 좋아해서 싱겁지도 않고 짜지도 않아서 좋았어요. 그런데, 당면사리와 라면사리가 함께 들어가는데 면사리의 양이 조금 많아서 국물이 빨리 쫄았고 면도 빨리 불렀어요. 그래서 면을 한 가지만 사용하시는 건 어떨까 싶네요. 당면 면은 필요한 고객들에 한해서 주문을 받는 게 더 좋을 것 같아요. 번창하시길 바랄게요!",2
TRAIN_003,"1편의 독특함 때문에 살짝 뒤로 밀린 느낌이 있지만, 여전히 재미있어요. 게임 시스템이 많이 발전해 플레이하기 편리해졌습니다. 리틀시스터의 변화도 매력적이고, 설정이 확장되어 탐험하는 재미도 상당히 좋습니다.","1편의 신선함에 비해 약간 빛이 바래 보이지만, 여전히 재미있게 즐길 수 있어요. 게임 시스템이 더욱 향상되어 플레이하기 편리해진 것도 매력 포인트입니다. 또, 원래는 무서운 모습이었던 리틀 시스터가 2편에서는 귀여워진 것이 눈에 띄네요. 설정적인 부분이 확장되어 게임을 하면서 관광하는 기분도 들어서 즐거웠습니다.","1편의 독특함 때문에 약간의 비교가 불가피하지만, 이 게임은 여전히 흥미로워요. 시스템이 크게 개선되어 게임 플레이가 훨씬 더 편리해지기도 했습니다. 특히 1편의 리틀 시스터가 2편에서 매력적으로 변화한 모습은 눈길을 끌었습니다. 또한, 설정의 확장으로 인해 볼거리도 매우 만족스럽습니다.",1편이 워낙 참신했던 탓에 좀 묻힌 감이 있긴 하지만 재미는 여전합니다. 시스템도 훨씬 발전해서 게임 하기도 편리해졌고요. 1편의 두꺼비같은 리틀시스터가 2편와서 이뻐진건 좀 보기 좋네요. 1편에서 설정이 더 늘어나서 관광하는 재미도 꽤 좋습니다.,4
TRAIN_004,"빵점 주고 싶은걸 간신히 참았다...이런건 사상 유래가 없는,조지 루카스 영감의 스페이스 오페라-별들의전쟁에 비하면,애들 장난만도 못한거다.그나마 피터 정 감독의 다크 퓨리때문에 꾹 참고,평점2점정도 ,적선한 셈치고,선사한 거지...속편은,신경좀 써라",빵점을 주고 싶지만 참아냈습니다... 이 영화는 사상 유래가 없는 것 같아요. 조지 루카스의 스타 워즈 시리즈에 비하면 애들 장난 아닌 거라고 생각합니다. 다행히도 피터 정 감독의 다크 퓨리가 있어서 꾹 참고 2점 정도로 평가했습니다. 그래도 어느 정도 매력을 가진 영화라고 생각합니다. 속편에서는 좀 더 신경을 쓰실 필요가 있습니다.,"빵점 주고 싶을 정도로 엄청 실망했어요... 이 영화는 별들의 전쟁처럼 역사적인 작품인 줄 알았는데, 아이들 장난감보다 못한 수준이었어요. 피터 정 감독의 다크 퓨리 때문에 조금 참았는데, 평점 2점밖에 안주고 싶어요. 이걸로 고작 개연성만 챙긴 거라고요... 속편을 만들 때는 좀 신경을 써주셨으면 좋겠어요.","빵점을 주고 싶었는데 참았어요... 이런 영화는 전례가 없는데, 조지 루카스의 스타워즈와 비교하면 어린이 장난이라고 할 수 있어요. 그래도 피터 정 감독의 다크 퓨리로 인해 겨우 참아내서 2점 정도 평가하고, 그나마 신경 쓴 작품이었다고 해야 하네요. 속편은 좀 더 신경을 써야 할 것 같아요.",1
TRAIN_005,"치킨 반마리 주문 가능. 골뱅이소면과 함께 추천. 치킨은 평범, 사이드메뉴와 함께하면 맛이 살아남. 치킨 작고 살은 적음.",둘이서 치킨 반마리 주문이 가능해서 골뱅이소면무침랑 같이 시킬 수 있었네요! 치킨맛은 매우 평범하지만 골뱅이 소면이랑 같이 먹으니깐 맛이 살아나는 거 같습니다. 치킨만 주문 시키는 것보다 사이드메뉴를 같이 시키는게 좋을 거 같습니다! 치킨크기가 작으며 살이 많이 있진 않습니다.,"두 사람이서 반마리의 치킨을 주문할 수 있어서, 골뱅이소면무침을 함께 주문했습니다. 치킨 자체는 특별하진 않지만, 소면과 함께 먹으니 맛이 새롭게 느껴졌어요. 치킨만 보다는 사이드 메뉴를 함께 주문하는 게 더 나을 거 같아요. 단지 치킨 크기는 작고 별로 살이 없다는 단점이 있습니다.","두 사람이서 치킨 반마리 주문이 가능해서 골뱅이소면무침과 함께 먹을 수 있었습니다. 치킨의 맛은 평균적이었지만, 골뱅이 소면과 함께 먹으니 맛이 돋보였습니다. 치킨만 주문하는 것보다는 사이드 메뉴를 같이 주문하는 것을 추천드립니다. 그리고 치킨 크기와 살의 양이 조금 아쉬웠습니다.",2
TRAIN_006,진짜 일하시는 사람들 너무 시끄러워요  자기들 개인사얘기하는데 목소리도 크고 밥이 코로 들어가는지 입으로 들어가는지  모르고 나옴 그리고 냉면에 참기름을 얼마나 넣었음 냉면 국물에 기름 엄청 둥둥뜨고 느끼했음.... 그리고 김밥 덮어두지도 않고 싸논거 그대로 줘요...본인들끼리 떠들면서 손님 주문하는것도 못듣고 또 물어보고...아무튼 다 남겼는데 돈내기 싫었어요,진짜 시끄러운데... 이런거 시끄러워서 돈 아까워.,진짜 이 직장은 너무 시끄럽네요. 직원들끼리만 얘기하는게 아니라 목소리도 크고 밥먹는 소리도 코로 들어가는 것 같아요. 그리고 냉면에 참기름을 얼마나 넣었는지 모르겠어요. 냉면 국물에 기름이 엄청 떠다니고 너무 느끼했어요. 그리고 김밥을 덮어서 줄 생각도 없이 그대로 주더라구요. 직원들은 서로 얘기하면서 손님의 주문을 듣지도 못하고 계속 물어보고... 어쩌면 나 먹기 싫어서 죽인 것 같아요. 돈 내기 싫어서 다 남겼어요.,"진짜 일하는 분들이 너무 시끄러웠어요. 개인적인 이야기를 할 때도 목소리가 크고, 밥을 먹을 때 코로 들어가는지 입으로 들어가는지 구별을 못하는 것 같았어요. 그리고 냉면에 참기름을 너무 많이 넣은 것 같아서 국물에 기름이 둥둥 떠다니고 느끼한 느낌이 들었어요. 김밥을 덮어서 주지 않고 그대로 가져다 주셨고, 직원들끼리 이야기를 하면서 손님의 주문을 못들었는데 또 물어봤어요. 결국 모든 음식을 남기고 나왔는데 돈을 지불하고 싶지 않았어요.",1
TRAIN_007,"우와 정말 멋진 스터디 카페입니다. 다른 지점은 가보지 않았지만, 노트북을 많이 사용하는 저로써는 노트북 좌석이 분리되어 있고 밑에는 에그셀런트와의 제휴도 되어있어서 정말 좋았어요. 시설도 깔끔하고 상태가 좋아요. 공사 때문에 시끄러웠을 것 같은데 이미 끝나서 조용합니다. 직원분들도 매우 열심히 일하시고 친절하셔서 좋았어요.","와우, 정말 좋아요! 이 스터디 카페는 정말 최고예요. 다른 지점은 가보지 않았지만, 노트북을 많이 사용하는데 노트북 좌석도 분리되어 있고, 밑에 있는 에그셀런트와의 협력도 있어요. 시설도 깔끔하고 좋아요. 공사 때문에 시끄러웠을 것 같은데, 원래 공사도 끝나서 조용해요. 직원분도 사장님이 아니시더라도 열심히 일하시고 엄청 친절하세요.","와우, 정말 좋은 공부 카페예요. 다른 지점은 가본 적은 없지만, 노트북을 많이 사용하시는 분들께 좋은 공간일 것 같아요. 노트북 좌석이 분리되어 있고, 밑에는 에그셀런트와 제휴가 되어있어서 편리했습니다. 시설도 깔끔하고 좋아요. 밑에 공사 때문에 소음이 있을 것 같았는데, 이미 공사는 끝났고 조용하게 사용할 수 있어요. 직원분이신지 사장님이신지는 잘 모르겠지만, 열심히 일하시고 정말 친절하셨습니다. bb",우와 완전좋아요 스터디카페 신세계 ... 다른지점은 안가봤지만 노트북많이쓰는데 노트북 좌석도 분리되어있고 밑에 에그셀런트랑 제휴도되어있고 시설 깔끔하고 좋아요 밑에 공사때문에 시끄러웠을거같은데 원래 공사도 끝나서 조용합니다! 직원분? 사장님은 아니신거같은데 열심히하시고 엄청 친절하세요...bb,4
TRAIN_008,"가시려는 분들은 이전 리뷰를 잘 읽어보고 가는 것을 추천합니다. 급하게 여기에서 상견례를 했는데 음식이 짜고 맛이 없어요. 어디 가서 4만원을 주고 이런 걸 먹는 건 처음이에요. 간을 보고 만드는 거 맞으신가요? 이런 음식을 돈을 받고 내놓다니 어떻게 해도 이해가 되질 않아요. 자리 때문에 말도 못 하고 나와서 더 분하고 당황스럽네요. 그리고 서빙하시는 분이 체격이 커서 의자와 벽 사이로 다니지도 못 하시고 서빙도 서툴러요. 아 진짜, 음식을 돈을 주고 사서 너무 화가 납니다.",가시고자 하시는 분들은 앞서 쓴 후기 잘 읽어보고 가세요. 급해서 여기서 상견례했는 데 음식 짜고 맛없어요. 어딜 가서도 4만원주고 이딴 거 먹기는 처음이에요. 간 보고 만드는 거 맞으세요? 어떻게 이 돈 받고 이런 음식 내와요?자리때문에 한 마디도 못 하고 나와서 더 분하고 어이가 없네요. 그리고 서빙하시는 분 덩치가 있으셔서 의자랑 벽 사이로 다니지도 못 하시고 서빙도 굼떠요. 아 진짜. 음식쓰레기 돈주고 사 먹어서 너무 화나요.,"이 식당을 방문하실 분들께는 앞선 리뷰들을 잘 읽어보시고 결정하시는 것을 추천드립니다. 저는 급하게 이곳에서 만남을 가졌는데, 음식이 짜고 맛이 없었습니다. 다른 곳에서 4만원을 내고 이런 음식을 먹은 건 처음이에요. 그냥 눈으로도 간이 많이 들어간 것 같은데, 이런 음식을 받고 돈 받는지 모르겠어요. 자리 때문에 아무 말도 못하고 나와서 더 분하고 어이가 없습니다. 게다가 서빙하는 분이 몸집이 있어서 의자와 벽 사이를 다니지도 못하고 서빙도 서툴러요. 진짜로 음식쓰레기 같아서 돈을 주고 사먹은 게 너무 화나네요.",요즘은 리뷰를 믿기 힘들죠. 하지만 제 경험을 공유하고자 해요. 급하게 가서 상견례를 했는데 음식이 너무 짜고 맛이 없었어요. 다른 가게에서 4만원이면 훨씬 맛있는 음식을 먹을 수 있는데 정말 처음으로 이런 경험을 했어요. 그리고 간을 맛보고 만드는 건지 모르겠어요. 이런 음식에 돈을 받은 것에 화가 나네요. 또한 서빙하시는 분이 너무 크신지 의자와 벽 사이로 움직이지 못하고 서빙도 느리셨어요. 진짜 화가 나네요. 음식을 쓰레기처럼 다시는 사먹을 일 없도록 조심하세요.,2
TRAIN_009,라운즈 앱에서 안경 구매 후 도수렌즈 구매했어요. 제가 눈이 나쁘고 렌즈 결정하기가 까다로웠는데 직원분들 너무 친절하시고 시력검사도 꼼꼼하게 해주시고 질문에 대답도 너무 잘해주셔서 감사했어요. 무엇보다 편하게 쓸수있게 제 얼굴에 잘 맞게 피팅해주셔서 좋네요. ㅎㅎ,"라운즈 앱을 통해 안경과 도수 렌즈를 구입했습니다. 저의 시력이 좋지 않아서 렌즈 선택에 애를 먹었는데, 직원분들이 매우 친절하게 도와주셨습니다. 시력 검사도 꼼꼼하게 해주시고, 어떤 질문에도 잘 대답해주셔서 정말 감사했습니다. 특히 제 얼굴에 잘 맞는 안경을 찾아 피팅해주셔서 편하게 사용할 수 있었습니다.","라운즈 앱을 통해 안경과 도수렌즈를 구매하였습니다. 제 시력이 좋지 않아 렌즈 결정 과정이 어렵긴 했지만, 직원분들의 친절한 설명과 꼼꼼한 시력 검사 덕분에 무리 없이 결정할 수 있었습니다. 또한 직원분들이 제 얼굴에 딱 맞게 안경을 피팅해주셔서 착용감이 아주 좋았습니다.",라운즈 앱으로 안경 구매 및 도수렌즈 선택. 눈 상태 때문에 까다롭지만 직원 친절함 그리고 시력검사 철저. 질문 응답도 좋고 피팅도 완벽. 편안함.,1
TRAIN_010,"요약 : 시나리오가 지루하고, 형사들의 행동이 답답하고 어리석았으며, 코미디 요소도 재미없었습니다. 조연들의 존재감이 너무 없어서 아쉬웠습니다. (예를 들면, 선우선과의 사랑 이야기를 더 강조하고, 서울 경찰과의 갈등을 더 표현한다면 더 좋았을 것 같아요). 하지만 사투리 연기는 훌륭하고 결말은 따뜻하게 마무리되었습니다. 중간까지는 정말로 재미가 없었습니다.","요약 : 지루한 시나리오, 멍청한 형사들, 코미디 부실, 조연들 연기력 미흡(선우선과의 애정전선, 서울경찰들과의 갈등 강화되었으면 좋았을텐데). 사투리 연기 훌륭, 결말은 감동적. 중간까지는 정말 재미없음.","요약해보면, 시나리오가 지루하고 형사들이 답답하며 멍청해요. 코미디 요소도 재미없고, 조연들의 존재감이 거의 없어요. 예를 들어 선우선과의 애정전선이 더 강하게 표현되거나, 서울 경찰들과의 갈등이 더 고조되었다면 더 좋았을텐데 말이죠. 하지만 사투리 연기는 매우 훌륭하고, 결말은 훈훈하게 마무리되었습니다. 다만 중간까지는 정말로 재미없다는 점만 유의하시면 됩니다.","요약 : 지루한시나리오,답답하고 멍청한형사들,재미없는 코미디,조연의 존재감이 너무없음(예로 선우선과의 애정전선이 더 강하게, 서울경찰들과의 갈등이 더 고조됬으면 휼륭했을듯).훌륭한 사투리 연기, 훈훈한 결말. 중간까지 정말 재미없음.",4
TRAIN_011,"음식이 정말 맛있어요. 동네 수준을 뛰어넘는 퀄리티를 자랑합니다. 우동 면발은 부드럽고 쫄깃한데, 튀김은 느끼하지 않으면서도 완벽하게 튀겨졌습니다. 정말 멋져요. 마제소바나 돈까스도 맛있다는데, 다음에는 그것도 꼭 먹어봐야겠어요. 이곳은 정말 멀리 가서 우동 면을 제대로 먹는 가게를 찾는 것도 힘들었는데, 이곳에서 먹으면 될 것 같아요. 우동 면은 조금 얇은 편이니 참고하세요. 맛있게 먹느라 사진을 못 찍었네요. 다음에 꼭 찍어야겠어요.",음청 맛있어요 동네 퀄리티가 아닙니다 부드러운데 쫄깃한 우동면발 그자체입니다 우동 위에 얹어진 튀김도 진짜 하나도 안느끼하고 잘 튀긴 튀김있잖아요 진짜 그거였어요  마제소바 돈까스 맛있다는데 다음엔 그것도 먹어볼려고요 진짜 먼데 나가서 우동면 제대로 하는 집 찾는 것도 힘들었는데 여기서 먹으면 되겠네요. 우동면은 조금 얇은 편입니다  맛있게 먹느라 사진 못 찍었네요 다음에 찍어야지,"음식이 정말 맛있었습니다. 이 동네에서는 퀄리티가 높은 편이라고 생각해요. 우동면은 부드럽고 쫄깃한 식감이었고, 튀김도 바삭하게 튀겨져서 맛있었습니다. 마제소바와 돈까스도 다음번에 먹어보고 싶어요. 이 동네에서 정말 제대로 된 우동면을 찾기가 어려웠는데, 여기서 먹으면 될 것 같아서 기뻤어요. 우동면은 조금 얇은 편이지만, 맛있게 먹느라 사진을 찍지 못했네요. 다음에는 꼭 사진을 찍을게요.","음식이 정말 맛있어요. 동네 음식점 수준이 아닌 부드럽고 쫄깃한 우동 면발이에요. 우동 위에 얹어진 튀김도 너무 맛있고, 튀김도 바삭하게 튀긴 거예요. 마제소바 돈까스도 맛있다고 들어서 다음에는 그것도 먹어보려고요. 진짜 멀리 나가서 우동면을 잘하는 곳 찾기도 힘들었는데, 여기서 먹으면 될 거 같아요. 우동면은 조금 얇은 편이지만 맛있게 먹었어요. 사진을 못 찍었지만, 다음에는 꼭 찍어야겠어요.",2
TRAIN_012,"아...여기 부점장 정말 불친절하네요. 고객 대응과 말투가 너무 안 좋더라고요. 이런 사람이 서비스업이나 고객 응대를 한다는 게 신기하네요. 옥수동에서 20년 살았지만, 처음으로 손절하는 가게예요. 부점장을 바꿔야 장사 오래 할 수 있을 것 같아요. 고객 응대 중인 전화를 끊고 그 자리에서 고객을 무시하는 건 말이 되나요? 다른 고객들도 듣고 있을 텐데요. 지나가다 한 마디 적습니다.",아...여기 부점장 정말 불친절하네요 말투며 고객응대며.. 한심하기 그지없네요 이런사람이 서비스업 이나 고객응대 한다는거 자체가 .. 가능한가싶네요.. 옥수동 20년 살았는데 손절한 가게 처음이예요. 장사오래하고싶으시면 부점장을 바꾸세요제발.. 고객응대전화하다가 끊고 그자리에서 고객비아냥 거리는게 말이나됩니까? 다른고객들도 듣고있는데.. 지나가다 한마디적습니다,"아... 이곳의 부점장은 정말 불친절하네요. 그 말투와 고객응대는... 한심하면서도 그지없어요. 이런 사람이 서비스업이나 고객응대를 한다는 것 자체가... 가능한 걸까요? 저는 옥수동에서 20년을 살았는데, 이렇게 손절한 가게는 처음이에요. 장사를 오래 하고 싶으시다면 부점장을 바꿔주세요. 제발요... 고객응대 전화를 끊고 그 자리에서 고객비아냥을 거리는 게 말이 되나요? 다른 고객들도 듣고 있을 텐데... 지나가면서 한 마디 남기고 갑니다.","여기 점주의 태도와 응대 방식은 정말로 불친절하다고 느껴집니다. 서비스 업을 하는 사람으로서 이런 태도와 응대 방식은 실망스러워요. 옥수동에 20년을 살았지만, 이 가게를 처음으로 손절할 만큼 실망했습니다. 만약 장사를 오래 하고 싶으시다면, 부점장을 교체해 주세요. 고객과 전화를 하다가 무시당하고, 그 자리에서 고객을 무시하는 것이 어떻게 말이 될까요? 다른 고객들도 듣고 있는데요. 지나가다 말씀드립니다.",2
TRAIN_013,"도넛 사러 갔다가 정말 놀랐어요. 먼저, 손님이 직접 도넛을 집을 수 있도록 매장 문이 바깥으로 열려있었어요. 게다가, 매장 안에서는 모든 손님들이 마스크를 벗고 대화하고 있었어요. 또한, 내 앞에 있는 두 명의 아이들은 도넛을 보면서 손으로 만지려고 했어요. 그래도 마스크는 어설프게 끼고 있었지만, 그들을 막으려는 사람은 아무도 없었어요. 이 매장은 종종 가고 있던 곳이었는데, 오랜만에 방문한 결과 매장 관리 상태를 보고 다시는 가지 않기로 결심했어요.","도넛을 사러 갔는데 너무 실망했습니다. 첫째로, 도넛 가게 문을 밖으로 열어두어 손님이 직접 집을 수 있게 했습니다. 그 결과 유리 장이 열려있는데도 매장 안에 있는 손님들이 마스크를 벗고 대화를 나누는 광경을 presenced하게 보았습니다. 둘째로, 내 앞에 있던 두 사람이 손으로 도넛을 만지려 하면서 대화를 나누고 있었는데, 마스크를 제대로 착용하지 않고 만지려고 하는 모습에 굉장히 당황했습니다. 더욱이 막지 않는 사람이 한 명도 없었습니다. 이곳은 가끔 사먹었던 매장이었는데 오랜만에 방문했더니 매장의 관리 상태를 보고 다시는 방문하지 않기로 결정했습니다.",도넛 사러갔다가 경악하고 나옴. 1. 손님이 직접 집을 수 있도록 도넛장을 바깥쪽으로 열어둠. 유리장이 열려있는데 매장 안에 손님들 다 마스크 벗고 대화함. 2. 내 앞에 애들 둘이 손으로 만지려고 하면서 도넛 보면서 대화하는데 마스크 끼고 있어도 어설프게 끼고 있는데다 자꾸 만지려고 하는데 와서 막는 사람 한명 없음.  가끔 사먹었던 매장. 오랜만에 갔는데 매장 관리 보고 다시는 안가기로 마음 먹음.,"도넛 사러 갔는데 너무 실망했어요. 
1. 도넛장이 바깥으로 열려있어서 손님이 직접 집을 수 있게 해놨더라구요. 그리고 유리장이 열려있는데도 매장 안에서는 손님들이 다 마스크를 벗고 대화하고 있었어요.
2. 앞에 애들 둘이 손으로 도넛을 만지려고 하면서 대화를 하고 있었는데 마스크를 제대로 끼고 있지도 않은 상태였어요. 그리고 도넛을 계속 만지려고 하는데도 아무도 막지 않았어요.
이 매장은 예전에 가끔 사먹었던 곳이었는데 오랜만에 갔더니 매장 관리가 너무 안좋아서 다시는 안갈 것 같아요.",3
TRAIN_014,"떡볶이의 가격은 12,000원입니다. 맛은 충분히 만족스러웠지만, 가격을 고려했을 때 양이 다소 부족하다는 느낌이 들었습니다. 가격이 비싼 편이라 재방문을 고려하는데에 두 번 생각하게 되네요. 처음 방문한 날, 치본스테이크를 보너스로 주었지만, 양이 적어 가격의 합리성에 대해 의문이 들었습니다. 2월에 준비하는 것을 봤었는데, 내내 기대하였으나 결과는 실망스러웠습니다.","떡볶이 가격: 12,000원 맛은 있으나, 가격상 감동적이어야할 것 같은데 그렇지는 않음, 가격에 비해 양 매우 적음, 가격이 너무 세서 재방문하지 않을 것 같음. 2월터 준비하는 것 봤었고 어제 가오픈하고 치본스테이크도 보너스로 주길래 가봤는데 두 개를 그냥 돈주고 사먹었다는 느낌이었고 둘다 양 적어서 가격책정이 임대료 기준인지 음식 기준인지 의심스러웠음 여튼 어제가 마지막 방문일 것 같음 2월내내 기대했는데 실망스러움","떡볶이의 가격은 12,000원으로 맛은 있지만, 가격 대비 감동을 주지는 못했습니다. 분량은 가격에 비해 적었고, 그로 인해 재방문의 의욕이 생기지 않았습니다. 가게 개업 준비 과정을 지켜보고, 치본스테이크도 추가로 받았지만, 두 메뉴 모두 가격 대비 양이 적어서 가격 설정 기준에 대해 의문이 들었습니다. 지난 2월부터 기대하며 방문했지만, 결과적으로는 실망했습니다.","떡볶이 가격이 12,000원인데 그에 비해 만족감은 부족합니다. 맛은 좋지만 가격 대비 양이 적어 조금 실망했습니다. 가격 때문에 다시 방문하고 싶지 않아요. 가오픈한 날 치본스테이크까지 시킨 건 돈을 그냥 날린 기분이 들었습니다. 가격과 양, 무엇을 기준으로 책정했는지 의문이 들더군요. 2월 내내 기다려 왔지만, 결과는 실망이었습니다.",2
TRAIN_015,"분식의 전부를 제공하는 정릉역 분식집. 떡볶이는 쌀떡, 달콤하고 덜 매운 편. 분위기는 카페스타일, 떡볶이 맛은 평상 이상.","우이-신설선 정릉역 앞의 분식집입니다. 떡볶이, 튀김, 순대, 어묵, 라면 등의 분식들이 모두 있습니다. 떡볶이의 떡은 쌀떡을 사용하고 맵기는 죠스떡볶이에 비해 훨씬 덜 매우며 살짝 달달한 떡볶이입니다  내부는 카페와 비슷한 분위기이며 떡복이는 평균 이상의 맛입니다","정릉역 인근에 위치한 이 분식집은 떡볶이, 튀김, 순대, 어묵, 라면 등 다양한 메뉴를 제공합니다. 떡볶이는 쌀떡을 사용하며, 매운맛은 죠스떡볶이보다 훨씬 약하고 약간의 달달함이 특징입니다. 가게 내부는 카페와 같은 분위기를 물씬 풍기며, 떡볶이는 평균 이상의 맛을 자랑합니다.","정릉역 근처에 위치한 이 분식집은 떡볶이, 튀김, 순대, 어묵, 라면 등 다양한 메뉴를 제공합니다. 떡볶이는 그 중에서도 특히 눈에 띄는데, 쌀떡을 사용하고 마일드한 매운맛과 달콤함이 어우러져 죠스떡볶이보다 덜 매워요. 인테리어는 카페를 연상케 하는 편안한 분위기를 자아내고, 무엇보다 떡볶이는 별 기대없이 먹었는데 꽤 훌륭한 맛이었습니다.",2
TRAIN_016,"극장판 중에는 최고인데, 네티즌들이 사골에 대해 계속 언급하길래 좀 의아했는데요. 진짜 국밥을 이기는 사골이더라구요. 이렇게 되면 TV판과 스토리도 엉망이 되지 않을까 걱정되네요. 아직 큐는 안 봤지만, 사람들이 사골이 더 났다더라고요. 큐가 걱정되네요.",극장판중 최고긴한데아나 ㅡㅡ네티즌들이 사골사골 하길래좀 중복이 되나보다 싶었는데 ..진짜 국밥 뺨치는 사골이네;;;;이러면 TV판이랑 스토리도 엉망되지않나;;;;ㅡㅡ..에휴..아직 큐는 안봤지만사람들이 차라리 사골이 더 났다던데;큐 망;,극장판은 최고지만 네티즌들이 사골을 너무 많이 언급해서 중복되는 것 같았다. 국밥을 이길 수 있는 사골이다. 이러면 TV판이나 스토리가 엉망이 되지 않을까 싶다. 아직 큐는 안 봤지만 사람들이 차라리 사골이 더 좋다고 한다. 큐는 망할 것 같다.,"극장판 중에서도 최고라고 생각되는 작품이었지만, 네티즌들의 반응이 사골에 집중되어서 조금 중복된 느낌이 들었습니다. 국밥을 뛰어넘는 사골의 맛에 정말 놀랐어요. 하지만 이렇게 하면 TV판의 스토리가 엉망이 될까 걱정이 되네요. 아직 큐는 보지 않았지만, 사골이 더욱 뛰어나다는 반응이 있어서 큐도 기대됩니다.",2
TRAIN_017,별한개도 주기 아까운 욕나오는곳 이런쓰레기 같은곳을 좋다고 댓글 올려논 것들은 돈먹고 댓글 달았나? 죄다 냉동에 하다못해 술집에서 기본찬 하나 없는 이런데가 좋다는사람들 이해불가 요청해서 온 김치는 또 중국산 가격은 강도처럼 비싸고 절대 가지마삼 욕나오는곳이니,"이곳은 별 한 개도 아까운 곳이에요. 못마땅한 경험을 한 곳으로, 좋다는 댓글을 단 사람들은 돈을 받고 댓글을 달았을까요? 죄다 냉동 식품이거나 술집에서도 기본 찬이 하나도 없는 곳이라는데, 이런 곳을 좋다고 하는 사람들의 이유를 이해하기 어려워요. 김치를 요청했지만 중국산이고 가격도 엄청 비싸서 절대 다시 가지 말라는 의견이에요. 이런 곳은 가지 마시길 바랍니다.","별 한 개도 아까운 욕나오는 곳이라니, 정말로 쓰레기 같은 곳을 좋다고 댓글 올리신 분들은 돈을 받고 댓글을 달았나요? 이곳은 냉동 음식이라 해도 술집에 기본 찬 하나도 제공하지 않는 곳인데, 이런 곳을 좋다고 하는 사람들은 이해할 수 없어요. 김치를 요청하면 중국산을 가져온다는데, 가격은 강도처럼 비싸기만 하고 절대 가지 말아야 할 곳이에요. 정말로 욕나오는 곳이니까요.","한 개도 아깝다는 점수를 주고 싶지 않은데, 왜 이런 쓰레기 같은 곳에 좋은 댓글을 단 사람들이 돈을 받았나요? 냉동 음식에 술집에서 기본으로 제공하는 반찬도 없는데, 이런 곳을 좋다고 말하는 사람들을 이해할 수 없어요. 요청해서 온 김치는 중국산인데 가격은 비싸고, 정말 가지마세요. 이런 곳에서는 욕이 나오니까요.",1
TRAIN_018,"주말 점심에 가족들과 함께 갔는데, 예약은 두 달 전에 했습니다. 가족들 모두 매우 만족했고, 다시 오자고 했어요. 그리고 남녀차별이 전혀 없었어요. 밥 양을 조금 줄인 사람들에게는 밥이 따로 주어졌을 뿐이에요. 저는 여자인데도 밥은 충분히 많이 주셨고, 음식이 맛있어서 한 입에 다 먹었습니다. 정말 좋은 식당입니다.","주말 점심에 가족들과 함께 다녀왔고, 예약은 두 달 전에 했습니다. 가족 모두가 매우 만족하고 다음에 또 올 생각을 하고 있어요. 그리고 성별에 따른 차별이 없었어요. 밥 양을 적게 선택한 사람에게는 밥이 없이 제공되는 경우도 있었지만, 여자분께서는 제가 더 많이 크고 두껍더라고요. 제대로 된 음식을 제공하는 곳이었습니다.","주말 점심에 가족들과 함께 갔는데, 예약은 두 달 전에 했어요. 모두 다 만족했고, 다음에 또 오자고 했어요. 그리고 남자와 여자에 대한 차별도 없었어요. 밥을 적게 선택한 사람들에게는 밥이 없이 제공됐지만, 여자라도 크고 푸짐하게 주셨어요. 제가 편식하는 편인데도 맛있어서 한 입에 다 먹었어요. 정말 훌륭한 식당이에요.",주말 점심 가족들이랑 갔고 예약은 두달 전 했습니다. 다들 더없이 만족했고 또 오자고했어요.   그리고 남녀차별 없던데요? 밥양을 적게 선택한 사람은 몇개 밥없이 주시긴하던데. 여자고 저는 다 크고 두껍더군요.  편식이 심한편인데 맛있어서 다 한입에 먹었네요. 제대로된 곳입니다.,4
TRAIN_019,"좀 든든히 먹고 싶어서 5700원짜리 직화숯불구이를 시켰는데 사진처럼 정말 맛있게 나왔어요 ㅋㅋㅋ 고기와 밥의 양도 많아서 신기하긴 했지만, 정말 말도 안되게 많다고요? ㅋㅋㅋ 바쁘다고 양심내려놓고 장사하지 말고, 실제로 제공하는 메뉴와 사진이 같은지 확인해보세요. 바쁘긴 하지만 그래도 먹을래요. 다만, 방문은 다시 안할 것 같네요. 번창하세요^^",좀 든든히 먹고 싶어서 5700원짜리 직화숯불구이를 시켰는데 사진처럼 나왔네요 ㅋㅋㅋ 고기랑 밥 양이 저게 말이되나요?ㅋㅋㅋ 바쁘다고 양심내려놓고 장사하지 마시고 본인들이 걸어놓은 사진이랑 이게 같은메뉴인지 생각해보세요 바빠서 그냥 먹긴하는데 다시는 방문 안할 것 같네요 번창하세요^^,"들고 싶은 것이 있어서 5700원짜리 직화숯불구이를 주문했는데 사진처럼 나와서 웃겼어요 ㅋㅋㅋ 고기와 밥의 양이 조금 아쉬웠네요. 바빠서 사진과 메뉴가 일치하는지 확인해 보셨으면 좋겠어요. 다시는 방문하지 않을 것 같지만, 번창하세요^^","매우 든든하게 식사하고 싶어져서 5700원짜리 직화숯불구이를 주문했는데, 제가 기대한 대로 사진과 같이 나왔네요 ㅋㅋㅋ 고기와 밥의 양이 정말 말도 안 되게 많아서 놀랐습니다 ㅋㅋㅋ 바쁘신데도 정성을 다해 요리하시는 걸 느꼈어요. 다만, 사진과 메뉴의 일치성에 대해 좀 고민해보셔야 할 것 같습니다. 바빠서 그냥 먹긴 하겠지만, 다시 방문할 생각은 없을 것 같네요. 번창하세요^^",2
TRAIN_020,김밥 메뉴가 최고. 비빔국수는 다른집에서 비빔국수보다 훨씬 맛있음. 김밥을 말거나 썰다가 양손에 장갑을 낀 채로 고객을 응대하는 것은 조금 아쉽지만 김밥은 구성이 매우 훌륭함.,"이 식당의 김밥 메뉴는 정말 탁월해요. 면목동에서도 따라올 수 없는 맛이에요. 비빔국수도 다른 멸치국수 집들보다 맛있는데, 300배나 다릅니다. 다만 김밥을 만드는 중이거나 썰고 있을 때 다른 손님의 주문을 받는 것이 아쉽네요. 김밥을 마치거나 썰고 나서야 카드나 현금을 받는다는 점이 조금 아쉬웠어요. 비닐장갑을 벗고 응대하고 다시 착용하는 과정을 마무리하지 않고 다른 작업을 마치는 것으로 보아 조금 찜찜한 느낌이 들었습니다. 그 이외에는 김밥의 구성이 정말 훌륭해요.","김밥 메뉴가 정말 훌륭했어요. 면목동의 다른 가게와 비교해도 더 좋았습니다. 비빔국수는 멸치국수집에서 먹은 비빔국수보다도 300배 맛있었어요. 다만, 김밥을 만들거나 썰고 있을 때에는 다른 손님이 주문을 완료한 후에 카드나 현금을 받으셨더라구요. 이 점이 조금 아쉬웠습니다. 비닐장갑을 벗고 응대하고 다시 착용하시는 과정도 조금 찜찜한 느낌을 줬어요. 그 외에는 김밥 구성이 정말 훌륭했습니다.",김밥 메뉴가 탁월함 면목동 타의추종 불허 비빔국수는 타 멸치국수 집에서 비빔국수보다 300배 맛있음 단 김밥을 말고 있거나 썰고 있을 때는 다른 고객의 주문을 받더라도 모든 과정을 마친 후에 카드나 현금을 받았음 하는 아쉬움 김밥을 말거나 썰다가 비닐장갑 벗고 응대하고 다시 비닐장갑 끼시고 하던거 마저 하시는게 별로 기분상 찜찜한 느낌을 줌 그외로는 김밥 구성이 매우 알참,4
TRAIN_021,"꼬들살 냉동은 조금 아쉽지만, 채소와 고기 소스의 조합이 맛있어요. 와사비 소스도 맛있고, 파저리와 날계란의 조합도 신선합니다. 채소가 풍부해 너무 많이 남겨서 죄송하네요. 다음에는 사전에 요청하려 합니다. 볶음밥은 담백하지만 맛있습니다. 주인분과 직원분들의 친절함도 인상적이었어요. 맛은 최고는 아니지만 분위기와 정성이 최고점수입니다. 다른 더 좋은 고깃집도 있을 수 있지만 말이에요.","꼬들살 냉동이 조금 아쉽지만 전체적으로 채소와 고기 소스들이 조화롭습니다. 와사비와 나오는 소스가 특히 맛있어요. 파저리와 날계란의 조합도 신선합니다. 채소가 풍부해서 남은 양이 많아서 죄송합니다. 다음에는 요청해서 볶음밥을 먹을 예정입니다. 맛도 좋고 주인분과 직원분들의 친절함도 돋보였습니다. 맛이 최고냐고 하시면 더 좋은 고깃집이 있을 것입니다. 맛과 분위기, 정성이 어우러져 최고점수입니다.",꼬들살 냉동이 아쉽긴 하지만 전반적으로 채소와 고기 소스들이 맛있게 어우러져 있습니다. 중간에 와사비와 나오는 소스가 맛있네요 파저리와 날계란의 조합도 신선합니다 채소가 많이 제공되어서 남긴 양이 많아 죄송스럽기도 합니다. 댜음에는 미리 요청하려고 합니다 볶음밥이 심심한듯 담백합니다. 맛있습니다. 주인분과 직원분들의 친절함도 돋보였습니다.  맛이 최고냐고 하시면 더 좋은 고깃집이 있을것입니다. 맛과 분위기 정성이 어우러져 최고점수입니다,"꼬들살이 냉동 상태로 제공되어 아쉬웠지만, 채소와 고기 소스의 조합이 매우 맛있었습니다. 와사비와 함께 제공되는 소스가 특히 맛있었고, 파저리와 날계란의 조합도 신선했습니다. 채소가 풍부하게 제공되어 많이 남게 되어 죄송스러웠습니다. 앞으로는 사전에 요청하려고 합니다. 볶음밥은 담백한 편이었지만 맛있었습니다. 주인과 직원들의 친절함도 눈에 띄었고, 맛과 분위기, 정성이 조화를 이루어 최고점수라고 생각합니다. 하지만 맛이 최고라고 하면 더 좋은 고깃집도 있을 겁니다.",3
TRAIN_022,24시간 가마솥 설렁탕집. 조미료 없이 진한 국물맛. 색깔이 특이하고 콜라겐감. 국물이 진짜 찐. 전문가들은 알 것.,24시간 가마솥에서 진짜 뼈국물 고아내는 설렁탕집. 신선설렁탕이 대중적인 맛을 위한 조미료맛이 많이 난다면 여기는 진짜 할머니가 몇 날 며칠 고은 진한 국물맛이 난다. 색깔부터가 다르다. 다 먹고 난 뒤에는 입에 살짝 끈적하게 달라붙는 콜라겐이 느껴지며 보약을 한 첩 먹은 느낌. 국물이 진짜 찐임. 아는 사람은 알 것.,"24시간 가마솥에서 진짜 뼈국물을 내는 설렁탕집이에요. 신선한 설렁탕은 대중적인 맛을 위해 조미료가 많이 들어간다면, 여기는 진한 국물맛이 훨씬 더 나와요. 색깔부터도 다르구요. 다 먹고 나면 입에 살짝 끈적하게 달라붙는 콜라겐을 느낄 수 있어 보약을 먹은 느낌이에요. 정말 진한 국물이에요. 알고계신 분들은 알 것 같아요.","24시간 가마솥에서 진짜 뼈국물을 국내에 널리 알려진 설렁탕집들과 비교해보면, 신선설렁탕은 대중적인 조미료맛이 많이 느껴지지 않아요. 여기는 진짜 할머니가 고생 끝에 만든 진한 국물을 제공하고 있어요. 색깔조차도 다른데요. 다 먹은 뒤에는 입에 살짝 끈적하게 달라붙는 콜라겐을 느낄 수 있어 마치 보약을 한 첩 먹은 것 같은 느낌이에요. 국물이 정말 진하답니다. 이 집을 아는 사람들은 분명히 알아줄 거예요.",2
TRAIN_023,"전설적인 작품이에요! 스토리는 정말 정밀하게 짜여져 있고, 연출도 힘차고 멋져요. 두 배우의 대결도 너무 재밌었어요. 주인공이 전투기를 혼자서 조종하고, 공중 동작도 멋지게 했고, 테러를 막으러 다니는 슈퍼 헬리콥터도 인상적이었어요. 천둥은 누구의 손에 들어가든 천사나 괴물이 될 수 있는 법이에요. 정말 멋진 21세기 공중전의 시작이었어요.","전설적인 작품이에요! 오배넌의 정교한 스토리텔링과 존-바뎀의 역동적인 연출이 돋보여요. 두 명의 배우들의 대결은 냉혹하면서도 매력적이에요. 주인공이 전투기 편대를 혼자서 잡고, 공중에서 덤블링하며 도심을 질주하며 테러를 해결한다는 슈퍼-헬리콥터의 장면은 정말 멋있었습니다. 이 작품은 천둥처럼 주인에 따라 천사나 괴물이 될 수 있다는 메시지를 전달합니다. 21세기 공중전의 시작을 알린 작품이에요.",전설적인 작품! 오배넌의 완벽한 각본! 존-바뎀의 역할 연기도 대단! 두 명의 배우들의 대결이 흥미 진진! 슈퍼-헬리콥터로 도심을 질주하며 테러를 소탕하는 장면은 믿을 수 없는 스릴! 천둥은 주인의 힘에 따라 천사 혹은 괴물이 될 수 있어서 놀라움! 21세기 공중전의 시작!,"전설! 오배넌의 정밀한 각본! 존-바뎀의 힘찬 연출! 냉혹한 두 명배우의 대결! 혼자서 전투기 편대를 잡고, 공중 덤블링하고, 도심 상공을 질주하며 테러를 소탕하는 슈퍼-헬리콥터! 천둥은, 주인에 따라 천사도 괴물도 되는 법! 21세기 공중전의 서막!",4
TRAIN_024,가성비 별로... 대 사이즈 시켰는데 소 사이즈로 오고 양도 적음. 회도 쫀득하지 않고 물컹거려서 별로. 스끼다시도 부실하고 주문실수까지. 왜 손님 없는지 이해됨.,가성비 폭망이네요... '대' 사이즈 시켰는데 '소'사이즈라고 밖에는 생각할 수 없는 회 양이 그랬고 게다가 얇게 썰어서 더 양이 적었어요. 회도 씹으면 쫀득하지 않고 물컹거려서 진짜 별루였어요. 스끼다시도 의미없이 나오고.. 주문실수까지.. 저녁인데도 손님 없는걸보니 왜그런지 이해가 됩니다.,"가성비가 좋지 않다고 느껴졌어요. 대 사이즈를 시켰더니 소 사이즈로 나왔고, 회의 양도 조금 아쉬웠습니다. 또한 회를 씹어봤을 때 쫀득함이 없고 물컹거렸어요. 스끼다시도 별로 맛있지 않았고, 주문 실수도 있었습니다. 저녁 시간인데도 손님이 없어서 좀 이해가 가네요.","가성비가 좋지 않았어요... '대' 사이즈를 주문했는데 '소' 사이즈로 나왔고, 얇게 썰어서 양도 적었어요. 회를 씹으면 쫀득하지 않고 물컹거려서 실망했습니다. 스끼다시도 별로 맛있지 않았고, 주문이 잘못되었더라구요. 저녁인데도 손님이 없어서 이해가 되었습니다.",2
TRAIN_025,"진짜 맛있어서 자주 갔었는데 최근에는 좀 달라졌어요ㅠ 치즈스커트는 진짜 짭짤해서 램버거도 예전처럼 향신료 향이 잘 안나요. 전에는 마요네즈에 쿠민을 많이 넣어줬었는데 지금은 안들어갔는지도 모르겠어요...... 맛이 변한 후로는 잘 안가게 되었어요. 정말 슬프네요, 예전에 정말 애정했었는데.",진짜 맛있었고 자주갔는데 왜 이래요 요즘ㅠ 치즈스커트 너무 짜고 램버거도 특유의 향신료 향이 덜남 전에 마요네즈소스에 쿠민 많이 들어갔었는데 이제는 들어갔는지 안들어갔는지도 모르겠고 후...... 맛 변한후로 잘 안가게됨 슬프다 진짜 애정했었는데,진짜 맛있었는데 최근에는 좀 달라졌어요. 치즈스커트 너무 짜고 램버거의 특유한 향이 더이상 안나요. 전에 마요네즈에 쿠민이 많이 들어갔었는데 지금은 모르겠어요. 맛이 바뀐 후로 자주 가지 않게 되었어요. 아쉽네요.,"진짜 맛있었고 자주 갔었는데 최근들어 맛이 조금 달라진 것 같아요. 치즈스커트는 너무 짜고 램버거도 향신료의 특유한 맛이 조금 적어진 것 같아요. 이전에는 마요네즈 소스에 쿠민이 많이 들어갔었는데, 요즘은 얼마나 들어갔는지 잘 모르겠어요. 맛이 변한 후로는 자주 가지 않게 되었는데 너무 슬퍼요. 진짜로 애정을 가지고 다녔는데 말이에요.",2
TRAIN_026,[위생불량-이물질] 음식에서 이물질 나와 환불 요청했더니 회수하러 와서 확인하니까 본사에서 확인 후 내일 연락해달라고 함. 직접보고도 같은 말만 반복해서 회수거부하고 환불요청 철회함. (피자 토핑 위에서 발견된 것이 아니라 씹다가 나온 것임),"[위생불량-이물질] 음식에서 이물질 나와 회수 및 환불 요청드리니 두조각 남았다고 환불 50프로 진행이라 그러면서, 회수하러 오셔서 보시곤 본인업장에서 쓰는 식재료 이물질 아닌거 같다고 가게가서 확인 및 본사에서 확인 후 내일 연락 준다고 하시네요.  직접보시고도 같은말 반복하셔서 회수거부 및 환불요청 철회했습니다. (피자 토핑 위에서 발견된거 아니고 씹다가 나온거였습니다)","[위생불량-이물질] 음식을 먹다가 이물질을 발견했어요. 환불을 요청했더니 두 조각만 환불해주겠다고 했어요. 점원이 가게에 올라와서 확인한 후에도, 본사에서도 내일 연락해준다고 했어요. 하지만 저도 직접 확인한 결과, 가게에서 사용하는 식재료가 아닌 것 같아서 회수와 환불 요청을 철회했어요. (피자 토핑 위에서 발견된 것이 아니라, 씹다가 나온 것이었습니다)","[위생불량-이물질] 제 음식에서 이물질이 발견되었어요. 환불을 요청하니, 두 조각만 남겨놓고 50% 환불을 제안하더라고요. 그리고 이물질이 가게에서 사용하는 식재료가 아니라고 말씀하셨어요. 가게에서도 확인하고 본사에도 확인 후 내일 연락한다고 하시니까요. 제가 직접 보았을 때도 계속 같은 말을 반복하셔서 회수를 거부하고 환불 요청을 철회했습니다. (피자 토핑 위에서 발견된 게 아니라 식사 중에 씹다가 나온 거였습니다)",2
TRAIN_027,"보고싶었던 영화였는데 TV에서 끊어져서 아쉬웠어요. 영화를 보면서 한편의 어른 동화를 보는 느낌이었어요. 그 정도로 순수함과 힐링을 느낄 수 있었습니다. 다만 CG 퀄리티가 조금 부실한 것 같았지만, 나라씨의 연기에는 감동을 받았어요. 항상 느끼지만, 나라씨는 다른 사람들도 같이 울게 하는 재주가 있으신 것 같아요. 연기도 좋았고, 영화를 잘 봤습니다. ^^","보고 싶었던 영화였는데 티비에서 냉정하게 방영을 거부했어요. 영화를 보는 것보다 한편의 어른 동화를 보는 느낌이었어요. 순수함에 힐링되는 기분이 들었어요. 그래도 CG는 좀 아쉬웠지만, 나라씨가 울 때 같이 울었다는 사람들이 있는 걸 보니 감동이었어요. 언제 봐도 나라씨는 다른 사람들까지 같이 울게 하는 재주가 있으시네요. 연기도 좋았고, 영화를 잘 봤어요.","보고싶었던 영환데 티비에서 뙁! 한편의어른동화를본듯한 느낌이었어요 순수함에 힐링됐다고나할까 암튼,cg가좀부실한거같았지만 나라씨 울때 같이 울었다는ㅠ항상 느끼는 거지만 나라씨는 다른사람도같이 울게하는 재주가 있으신듯ㅎㅎ연기굿!영화잘봤어요^^",보고 싶었던 영화인데 TV에서 못 봤어요. 한편의 어른 동화 같은 느낌이었어요. 순수함에 힐링되었다고 할까요? 암튼 CG가 조금 부실한 거 같았지만 나라씨가 울 때 같이 울었어요ㅠ 항상 느끼는 거지만 나라씨는 다른 사람도 같이 울게 해주는 재주가 있으신 것 같아요ㅎㅎ 연기 굿! 영화 잘 봤어요^^,3
TRAIN_028,"이 가격에 이런 수준의 질이면 매우 만족스럽습니다. 비싼 생선을 사용하진 않아도, 주인장의 손질 능력은 훌륭합니다. 이 곳은 내 집 옆인데, 너무 많이 알려지면 고객이 늘어나서 내가 불편할 것 같아서 잘 알려지지 않았으면 좋겠네요. 그래도 동네 사람들은 잘 알고 있는 곳이니까요.","이곳의 가격 대비 품질은 꽤 인상적입니다. 물론 가격에 비추어 보면 고급 생선을 사용하진 않겠지만, 같은 생선이라도 운영자님의 세심한 손질 능력은 매우 뛰어나다는 생각이 들었습니다. 저희 집 바로 옆에 위치해 있어서요. 정말 좋다고 평가하려면 조금 더 생각해봐야 할 것 같지만, 손님들이 이미 많이 찾는 곳이라서 제가 별도로 언급할 필요는 없을 것 같습니다. 이미 지역 주민들이 잘 아는 곳이니까요.",여긴 이가격에 이정도면 상당한건데...... 물론 이가격에 비싼 생선을 쓰는건 아니겠지만... 같은 생선이라도 이집 아저씨 손질을 상당히 잘 해놓으셨던데~ 우리 옆집인데 좋다는 글은 왠만하믄 쓰지 말아야 겠다는 손님 많아서 나 좋을건 없을 듯. 어짜피 동네 사람들 왠만큼 가는 집,"이곳의 가격에 비해 퀄리티는 매우 높네요. 비싼 생선을 사용하진 않아도, 같은 생선이라도 주인장의 손길이 느껴지더라고요. 제 집 바로 옆이라, 너무 좋다고 말하면 손님이 많아져서 제게는 별로일 것 같아요. 그래도 동네 사람들이 이곳을 찾는 이유가 있겠죠.",3
TRAIN_029,"세계적 명품 공연을 간접적으로라도 볼 수 있게 해준 메가박스에 감사드려요. 원래라면 중간에 휴식 시간이 있었을텐데, 중단 없이 이어져서 조금 숨이 차긴 했지만... 그래도 재미있었어요. 가운데 자리에서 본 몰입감은 마치 직접 보는 것 같았어요. 최고였습니다.","세계적인 오리지널 공연을 간접적으로라도 볼 수 있어서 매우 만족스러웠습니다. 메가박스에 감사의 말을 전하고 싶네요. 틈 없이 연속적으로 보는 과정에서 약간 숨이 차긴 했지만, 그래도 전반적으로 즐거웠습니다. 중앙 자리에서 보니 몰입감이 상당했습니다. 정말 최고였어요!",이런 세계적 오리지널 명공연을 이렇게 간접적으로라도 즐길수있게 해준 메가박스에 감사하며.. ㅋ실제같았음 장 마다 브레이크타임이잇엇을텐데 숼틈없이봐서 좀 숨막혔던거 빼고는.. 재밌었음^^ 자리도 정가운데였어서 몰입감이 꽤직접보는것처럼 느껴졌음^_^최고,"세계적으로 유명한 공연을 보러 갈 수 없어도 간접적으로라도 즐길 수 있게 해준 메가박스에 감사의 마음을 전하고 싶네요. 각 장면마다 휴식시간 없는 연속 상영은 조금 가슴이 답답했지만, 그럼에도 불구하고 즐거웠어요. 그리고 중앙에 위치한 좌석 덕분에 실제로 공연장에서 보는 것처럼 깊게 몰입할 수 있었어요. 정말 최고의 경험이었습니다.",3
TRAIN_030,"치즈렐라버거에 11% 할인 받아서 올엑스트라와 치즈추가로 9200원을 냈는데... 집에서 확인해보니 굉장히 실망이 더 크네요. 치즈는 없고, 야채 배치도 엉망이었어요. 주문 후 2분 만에 나와서 이미 이상하다는 걸 느꼈죠... 맛은 당연히 버거킹이지만, 서비스가 매우 아쉽네요. 햄버거를 받기 전에 반드시 확인하시길 바라요. 매장에서 아닌 이상, 포장상태를 꼼꼼히 확인하시는게 좋을 것 같아요.","난 분명 치즈렐라버거를 11프로 할인 받았지만 올엑스트라와 치즈추가로 9200원을 냈다 그런데...  집에 와서 보니........... 왜? 치즈도 없으며, 야채 구성은 이따위지? 오더 넣은지 2분도 체 안돼서 나왔을 때부터 알아봤지만... 그냥 머... ㅎㅎㅎ 맛은 그냥 버거킹이고 서비스가 개판이니 꼼꼼히 확인하고 햄버거 받길 바랍니다. 매장서 드실 거 아님 그냥 버거는 그냥 한번 포장 열어보고 갖고 가시길 ㅎㅎ 퉤","치즈렐라 버거를 할인 받아 주문했는데, 어떤 결함이 있더라구요. 치즈추가 요청과 야채 추가도 함께 했었는데, 돌아와서 봤더니 치즈도 없고 야채도 별로 없어요. 주문한지 2분만에 나왔길래 좀 의아했지만 맛은 그저 그런 무난한 버거킹이었네요. 서비스에 좀 더 신경쓰면 좋겠어요, 참고로 포장시에는 꼭 확인해보시는 것을 추천드려요!","치즈렐라 버거를 할인 받아 주문했는데, 추가 메뉴를 선택해서 총 9200원을 지불했습니다. 하지만 집에 와서 보니 주문한 상품이 정확히 제공되지 않았어요. 컴포넌트들의 질도 조금 떨어지는 것 같았습니다. 서비스에 대한 개선이 필요하다고 생각합니다. 포장 주문을 하실 경우, 꼼꼼히 확인하고 받아가시길 추천드려요.",2
TRAIN_031,"재구매한 배추김치와 총각김치가 너무 맛있어서 다시 주문했는데, 이번 김치는 저번에 비해 양념이 너무 없고 맛도 없네요..ㅠㅠ 익혀도 맛이 나오지 않아서 실망했어요. 김치 맛이 주문할 때마다 일관되지 않으면 믿고 주문하기 어려울 거 같아요. 포장은 꼼꼼하게 잘 왔어요.","재구매 했던 배추김치와 총각김치가 너무 맛있어서 또 주문했는데, 이번에는 양념이 전보다 적고 맛도 없네요ㅠㅠ 익히면 맛이 좋아지지 않을까 했는데, 익혀도 여전히 맛이 없어요... 김치 맛이 주문할 때마다 다르면 정말 주문하기 힘들어질 거 같아요.. 포장은 꼼꼼하게 잘 와서 좋았어요.","재구매한 배추김치와 총각김치 맛이 너무 좋아서 다시 주문했는데, 이번에 받은 김치는 양념이 저번에 비해서 많이 적고 맛도 없었어요.. 익혀도 여전히 맛이 나지 않았어요. 김치의 맛이 주문할 때마다 일관되지 않아서 신뢰하기가 힘들어요. 하지만 포장은 꼼꼼하게 잘 왔습니다.",재구매 배추김치도 총각김치도 너무 맛있어서 재주문했는데 이번 김치는 양념이 저번에 비해 너무 없고 맛도 없네요..ㅠㅠ익히면 괜찮을까 싶었는데 익혀도 맛없고..김치맛이 주문할때마다 틀리면 믿고 주문하긴 힘들겠네요.. 포장은 꼼꼼하게 잘 왔어요..,4
TRAIN_032,어제 만든 감자튀김을 주문했는데... 왜이렇게 눅눅하고 최악이었을까요? 저녁에 가면 또 어떤 튀김이 나올지 상상이 안되네요ㅋㅋ 햄버거에 야채 추가하려고 했는데 추가가 안되더라고요. 그냥 기본으로 주셨어요. 제가 그 자리에서 바로 확인해봐야 할까요? 진짜 너무하네요ㅋㅋ 아르바이트생 문제인가요?ㅋㅋ,어제 만든 감자튀김을 파시나... 비온것도 아닌데 눅눅하니 최악이였네요 12시에 갔는데 이러면 밤 늦게 가면 도데체 어떤게 튀어나오는거죠 ㅋㅋ 햄버거에는 야채추가 했는데 추가안됬습니다. 기본으로 줫네요 두 개 모두. 그 자리에서 열어서 확인해봐야하는건가요 진짜 너무하는구만 ㅋㅋ 알바생 문제인가요?ㅋㅋ,"어제 만든 감자튀김을 먹었는데... 조금 축축해서 별로였어요. 비가 내리지 않은 날인데도 불구하고 좀 불쾌한 상황이었습니다. 저녁 늦게 가게 된다면 더 신경써야할 것 같아요. 햄버거에 야채 추가를 요청했는데, 추가되지 않았습니다. 기본 메뉴로 제공되었어요. 그 자리에서 확인해봐야하는 건가 싶기도 하네요. 정말이지 조금 실망스러웠습니다. 알바생의 실수인걸까요?","어제 만든 감자튀김은 정말 최악이었습니다. 비온 것도 아니었는데 눅눅하고 맛이 별로였어요. 저녁 늦게 가면 어떤 음식이 나오는지 상상도 못하겠네요. 햄버거에는 야채 추가를 했는데 추가되지 않아서 정말 실망했습니다. 야채 추가는 기본으로 되어야 하는 것인데, 그냥 두 개의 햄버거만 주셨어요. 제대로 확인해봐야 할 일인데 어째서 그런 일이 생긴 걸까요? 알바생의 실수일까요? 정말 너무하지 않나 싶네요.",2
TRAIN_033,"배달 중점. 현장 서비스 떨어짐. 음식 준비 지연. 문제 제기 시, 빠른 해결 약속. 아내와 아이들 덕분에 방문. 건물 프로그램 외에는 절대 다시 안가겠다.","배달 서비스에 집중하는 바람에 현장에서는 서비스가 부족하게 느껴졌습니다. 주문이 지체되는 점도 아쉽고, 불편을 전하면 그때서야 해결해주는 상황도 만족스럽지 않았습니다. 가족들이 좋아하는 곳이라서 방문하긴 했지만, 만약 다른 선택지가 있다면 다른 곳을 선호할 것 같습니다.","배달에 너무 집중해서인지 현장에서는 서비스가 조금 부족한 것 같아요. 음료나 음식이 나오는 속도도 느려서 아쉬웠어요. 불만을 제기하면 바로 처리한다는 것을 행동으로 보여주기 까지 시간이 걸리더라구요. 가끔은 가족들이 여기를 원해서 찾아가는데, 그렇지 않았다면 잘 안갔을 것 같아요.",배달에 신경 쓰느라 현장에선 오히려 홀대 받는 느낌. 나오는 것도 밀리는 느낌. 컴플레인 하면 번호 물어보고 금방 해준다라는 처세에 가까운 답변으로 그때가서야 해줌. 다른 곳은 더 먹을 것이 없고 아내랑 아이들이 그나마 여기라고 해서 어쩔 수 없이 감. 건물 안에 프로그램만 없으면 절대 안감.,4
TRAIN_034,"비건 친구한테 추천받아서 여기 갔는데, 다른 비건 식당들과는 차원이 다른 맛이더라고요ㅋㅋㅋ 브루고뉴 스타일의 리조토, 신선한 시금치 패스코파스타, 그리고 고기가 없는데도 풍부한 맛이 있는 노미트 보울을 시켰어요. 한국에도 더 많은 비건 식당이 생겨났으면 좋겠다는 생각이 들었답니다. 샐러드와 야채들은 정말 다 맛있었는데, 친구들과 대화하느라 정확한 메뉴의 맛은 기억에 안 남아버렸네요;.; 어쨌든 맛이 없어서 포기하지 않고 다 먹었으니까 잘 먹은 거겠죠??","비건 식당 추천. 브루고뉴풍 리조토, 시금치페스코파스타, 노미트보울 시켰음. 샐러드 야채 맛있음. 맛은 기억 안남. 그래도 중단 안하고 먹음. 잘 먹었을듯.","비건 친구가 약속 잡을 때 여기만 간다네요ㅋㅋㅋ 브루고뉴풍 리조토, 시금치페스코파스타, 노미트보울 시켰습니다. 한국 비건식당 더 만들어줘라~! 샐러드 야채 다 맛있어요. 친구들이랑 대화하느라 정확히 어떤게 어떻게 맛있었는지 기억에 안남네요;.; 암튼 맛없어서 우엑 하고 먹는걸 중단하지 않았으니 잘 먹었겠지요 ??","비건 식당인 이곳은 제 비건 친구가 너무 좋아해서 매번 여기로 약속을 잡아요ㅋㅋㅋ 브루고뉴풍 리조토, 시금치페스코파스타, 노미트보울을 주문했어요. 비건식당이 더 많아졌으면 좋겠어요~! 샐러드와 야채 요리들이 정말 맛있었어요. 대화에 너무 쏠려서 정확히 어떤 음식이 어떻게 맛있었는지 기억이 안 남네요;.; 어쨌든 맛이 없어서 중단하지 않고 먹었으니까 잘 먹은 거겠죠??",3
TRAIN_035,"후기를 잘 안 쓰는 편인데요.... 아르바이트 직원들의 서비스 마인드가 좀 부족한 것 같아요. 햄버거와 감자튀김이 차갑고 기름에 잠겨서 느끼하고 눅눅했어요.... 솔직히 주변에 있는 다른 지점과 비교해보면 맘스터치의 감자튀김은 정말 중요한 요소인데, 다시는 가고 싶지 않을 정도입니다.","후기를 잘 안쓰는 편이지만... 아르바이트 직원분들의 서비스 마인드는 좀 아쉬웠어요. 햄버거는 차갑고, 감자튀김은 기름에 쩌들어서 눅눅하고... 집 근처 다른 지점과 비교하면 맘스터치는 감자튀김이 정말 생명같은데, 다시 가고 싶지 않은 기분이네요.",후기 잘 안남기는데....  아르바이트 서비스 마인드는 뒤로 제쳐두고라도 햄버거 식은거랑 감자튀김은 언제 만들었는지 차갑고 기름에 쩌들어서 눅눅하고.... 솔직히 집근처 타 지점이랑 비교돼요... 맘스터치는 감자튀김이 생명인데 진짜 다신 안가고싶네요,"고객님이 귀찮으셨던 주문 후기를 남겨주셨네요. 저희 매장의 서비스 마인드는 아쉽게도 다소 미흡했던 것 같습니다. 햄버거와 감자튀김의 온도와 기름 냄새에 대해서도 불만이 있으셨군요. 주변 매장과 비교해보았을 때 맘스터치의 감자튀김이 가장 매력적이라고 생각하시는데, 이번 경험으로 인해 다시 방문하고 싶지 않으신 것 같네요.",3
TRAIN_036,"가게를 옮기기 전엔 자주 다녔습니다. 가성비 좋은 모밀, 하지만 가격은 올랐으며 모밀 양은 줄었습니다. 롤엔 결함이 있어요. 예전엔 배부른데도 지금은 배고픔이 남아요. 오랜만에 와서 실망입니다. 다시 올 생각 없고, 경희대 주변에 더 많은 식당이 있습니다. 이전의 경쟁력은 사라져 버렸습니다.",사장님.. 예전에 가게 옮기기 전에 자주 갔는데 싼가격에 모밀도 엄청 많이 주셔서 너무 좋았었는데 가격이 오른건 괜찮은데요 모밀 양이 한젓가락밖에 안되고 롤도 집으면 다 풀리네요.. 예전엔 배불러서 남겼는데 다 먹어도 배고프고요ㅠㅠ 초심을 잃으신듯해요 오랜만에 왔는데 기분이 안좋네요 다신 안올듯합니다 여기 경희대 주변에 맛있고 합리적인 식당 많으건 잘 아실텐데.. 이제 경쟁력이 없네요,"사장님, 예전에 가게 이사하기 전에 정말 좋아했었어요. 가격이 조금 오른 것은 상관 없지만, 모밀 양이 정말 적어진 것은 아쉽네요. 롤도 잡기 힘들 정도로 불안정해요. 예전에는 가득 찬 속을 남기기도 했는데, 이제는 배가 고프네요. 오랜만에 방문했는데 기대 이하였어요. 다시는 찾을 생각이 없어요. 합리적인 가격과 맛있는 음식이 가득한 경희대 주변 식당을 모르진 않으실텐데, 경쟁력을 잃은 것 같아요.","사장님, 예전에는 그 가게에서 많은 양의 모밀을 저렴한 가격에 즐길 수 있어서 정말 좋았는데요. 최근엔 가격이 올랐는데 모밀 양이 줄어서 실망이 크더라고요. 롤을 집으면 다 풀리는 것도 문제인데, 더 큰 문제는 여전히 배가 고프다는 점입니다. 예전에는 식사 후에 배가 부르게 느껴지곤 했는데요... 경희대 주변에는 많은 수의 맛있고 합리적인 식당들이 있어서 이곳에 와야 하는 이유가 좀 떨어지는 것 같아요.",2
TRAIN_037,"우리가 일반적으로 알고 있는 베트남 음식과는 조금 다른 맛이었어요. 그러나 맛은 좋았답니다. 특이한 반깐 껍데기가 있었지만 맛있었고, 쌀국수는 우리가 알고 있는 투명한 면과는 조금 다른 종류였어요. 베트남 음식에 익숙하신 분들은 함께 제공되는 향신료를 추가해서 먹으면 더 맛있을 것 같아요. 베트남 커피도 직접 내리는 방식이라 한 번씩 도전해볼 만했어요. 처음 방문하시는 분들을 위해 음식에 대한 설명도 친절하게 해주셨습니다.","우리가 일반적으로 알고 있는 베트남 음식과는 다른 스타일의 맛이에요. 그래도 전체적으로 맛있었습니다. 특이한 맛이지만 매력이 있었어요. 쌀국수는 기존에 알고 있는 투명한 쌀국수면과는 다른 종류였어요. 베트남 음식에 익숙하신 분들은 함께 제공하는 향신료를 추가해서 드셔보세요. 베트남 커피도 직접 내릴 수 있는데, 한 번쯤 경험해보기 좋아요. 처음 오시는 분들도 먹는 방법 등에 대해 친절하게 안내해주셔서 좋았습니다.",우리가 아는 베트남 음식이 아님. 맛있음 ㅎㅎ 반깐 특이한데 맛있음 ㅋ 쌀국수는 쌀국수인데 우리가 아는 그 투명한 쌀국수 면이 아님. 베트남 음식에 익숙하면 같이 주는 향신료 더 넣어서 먹으면 됨. 베트남 커피도 직접 내려먹는데 한번쯤 먹어볼만 함. 처음 오는 사람들을 위해 먹는 법 등등 설명이 친절함.,우리가 아는 베트남 음식과는 다름. 맛있음. 조금 특이하지만 맛있음. 쌀국수는 그 투명한 면이 아님. 익숙하면 향신료 추가로 먹어보면 됨. 베트남 커피도 한번쯤 먹어봄. 설명이 친절.,3
TRAIN_038,정말 그지같다 .. 약국앞애 할머니 아침부터 욕지걸이에 도깨비시장 오디 가겠나 시장상인회라고 전화를 거니 나몰라라.. 그럼 시장 상인회라고 할수도 없지 않나?  물어보고 안 살수도 있는거지 그거 가지고 아침부터 ○○○○○이라고 욕하는 할머니나  시장상인회나 이러니 젊은 사람들이 시장 안가는건데 뭔 방학동 명물이라고 쭛쯧,"정말로 불쾌했습니다. 약국 앞에서 아침부터 폭언을 퍼붓는 분, 그리고 시장 상인회에서는 전혀 도움이 되지 않았습니다. 무엇을 찾아서 사고 싶은지 물어보는 것은 분명히 가능한 일이지 않나요? 이러한 경험으로 인해 젊은 세대가 시장을 방문하지 않는 것 같습니다. 이런 상황이 방학동의 명물이라고 말하실 수 있을까요?","도대체 무슨 상황인지... 약국 앞 할머니가 욕지거리로 아침을 시작하니, 마치 도깨비 시장 같아요. 시장 상인회에 전화하니 아무런 답변도 없어요. 그럼 이런 일이 생길 수도 있지 않을까요? 물건을 보고 안 사는 것도 자유 아닌가요? 이런 할머니와 시장 상인회 때문에 젊은 세대들이 시장을 멀리하는 거 같아요. 방학동 명물이라... 조금 미묘하네요.","정말 불편했어요. 약국 앞에서 아침부터 소란스러운 상황이었고, 시장 상인회엔 도움을 청하려해도 소용이 없었네요. 상품을 물어본다고 해서 반드시 사야하는 것은 아니잖아요? 아침부터 불쾌한 말을 하는 사람들, 시장 상인회의 무관심함 때문에 젊은 사람들이 시장을 찾지 않는 이유를 이해할 수 있었어요. 이게 어떻게 방학동 명물이라는 건지 의문이네요.",1
TRAIN_039,"처음에는 친절했지만, 전화로 문의하면 엄청 귀찮아 하고 방문하라고 함. 여분 필름은 일주일도 안되서 재방문했더니 부착비를 무조건 내라고 함. 카메라 보호 필름을 3000원에 팔고 부착해주는 곳도 많은데 말만 존댓말이고 명령조에 질문을 차단하고 한숨부터.. 점점 이런식으로 변해가는 것이 안타까울 따름.","처음에는 정말 친절하셨는데요... 전화로 문의하면 매번 귀찮아하시고, 방문하라고만 하시더라고요. 추가 필름도 일주일도 안되서 재방문했는데 무조건 부착비를 내라고 하셨어요. 그것도 전체 부착이 아니라 카메라 보호 필름만 부착하는데 3000원을 내라는 거예요. 필름은 3000원에 팔고 부착까지 도와주는 곳도 많은데 말이죠... 방문하면 말은 존댓말을 쓰지만 명령조로 말하고 질문하면 한숨부터... 점점 이런 모습으로 변하시는 건 안타깝네요.","처음에는 서비스가 친절했지만, 전화로 문의하면 너무 귀찮아 하고 방문하라고만 하더라고요. 사실 여분 필름은 일주일 안에 다시 방문해서 부착해주신다고 했지만, 부착비를 따로 내라고 하더라고요. 필름을 팔고 부착까지 해주는 곳도 많은데, 왜 부착비를 따로 받는지 이해가 안 가네요. 방문하면 말은 존댓말로 하지만 명령조로 말하고 질문하면 한숨부터 내쉬는 건 정말 안타깝습니다. 점점 서비스가 이렇게 변하는 건 안타깝네요.",처음엔 친절했지만.. 전화로 문의하면 일단 엄청 귀찮아 하고 무조건 방문하라고 함. 여분필름 부착해 준다고 일주일도 안되서 재방문 했더니 무조건 부착비 내라고.. 전체 부착도 아니고 카메라 보호필름 부착을 부착비 3000원이나 내라고.. 필름을 3000원에 팔고 부착까지 해주는 곳도 많은데.. 방문하면 말만 존댓말이고 다 명령조에 질문 무조건 차단하고 질문하면 한숨부터.. 점점 이렇게 변하는게 안타까울 따름,4
TRAIN_040,"숨겨진 동네 맛집입니다. 평점 없는게 안타까워 리뷰 남깁니다. 사장님은 요리하시고 사모님이 배달하시는 곳이에요 :)  여기 간짜장이랑 탕수육이 진짜 짱입니다. 간짜장 여기처럼 제대로 하는 곳 진짜 드물어요. 짬뽕은 약간 맑은 짬뽕인데 자극적이지 않아요. 탕수육 소스는 평범한 것 같은데 오이가 엄청 크게 썰려서 들어있는게 특징이고, 탕수육 튀김이 진짜 레알이에요.","숨겨진 보석 같은 맛집이에요. 평점이 없어서 아쉽지만 리뷰 남기려고 해요. 사장님이 요리하시고 사모님이 배달하시는 곳이에요 :) 여기 간짜장과 탕수육이 정말 최고에요. 간짜장은 이렇게 제대로 해주는 곳이 드물어요. 짬뽕은 조금 맑은 편이지만 자극적이지 않아요. 탕수육 소스는 평범한데 오이가 크게 썰려서 들어있는 게 특징인데, 탕수육 튀김은 정말 실제같아요.",숨겨진 동네 맛집이에요. 평점이 없어서 아쉬워서 리뷰를 남깁니다. 사장님은 요리하시고 사모님이 배달하시는 곳이에요. 간짜장과 탕수육이 정말 맛있어요. 간짜장을 이렇게 잘하는 곳은 찾기 힘들어요. 짬뽕은 약간 맑은 맛이지만 자극적이지 않아요. 탕수육 소스는 평범한 편인데 오이가 크게 썰려서 특별한 맛을 낸답니다. 탕수육 튀김도 정말 맛있어요.,"숨겨진 동네 맛집이에요. 평점이 없어서 아쉬워서 리뷰를 남깁니다. 사장님이 요리하시고 사모님이 배달을 담당하시는 곳이에요. 이 곳의 간짜장과 탕수육은 정말 최고입니다. 간짜장은 이렇게 제대로 된 곳이 드물어요. 짬뽕은 약간 맑은 스타일이지만 매우 맛있어요. 탕수육 소스는 평범한 것 같지만 오이가 크게 썰려서 특이한 맛을 느낄 수 있고, 탕수육 튀김은 정말 진짜입니다.",1
TRAIN_041,"서비스가 약간 아쉬웠습니다. 직접 운영하는 곳이 아닌 것 같아요. 문자 안내를 받고 제품을 찾아갔는데, 미리 안내 받지 못한 직원이 계시더군요. 또한 매장 내에서 담배 냄새같은 부분이 좀 거슬렸습니다. 서비스 개선이 필요한 부분이 몇 가지 있어보입니다. 제품의 품질은 좋으나, 서비스 부분에서 조금 더 향상될 필요성이 있다고 느꼈습니다. 방문 시 서비스에 대한 기대는 조금 줄이고 방문하시면 좋을 것 같아요.",서비스가 최하임. 여기는 본사에서 운영하는게 아닌듯함. 문자안내받고 옷 찾으러갔는데 1층 직원이 눈도 안처다보고 해당 매장가라함.(안내데스크도 없음) 매장에서 직원이 기장 잡아주는데 담배쩔은 냄새가..  매장 당장나가고  싶었음. 좋은 제품 만드는것도 좋지만 서비스 개선도 되어야 할듯.(일반 아울렛보다 못한거 같음) 여기 방문시 서비스는 기대하지 말고 방문하는게 좋을듯 함.,"서비스 측면에서는 조금 미흡했다는 느낌이 들었습니다. 아마 이곳이 본사 운영이 아닌 것 같았던 것 같아요. 문자로 안내를 받고 방문했지만, 1층 직원의 안내가 부족하고 매장 직원의 행동도 개선이 필요해 보였습니다. 뛰어난 제품을 만드는 것도 중요하지만, 고객 서비스에도 집중할 필요가 있다고 생각합니다. 이곳을 방문하실 때는 서비스 면에서 크게 기대하지 않는 편이 좋을 것 같습니다.","서비스에 실망했습니다. 본사 운영인 줄 알았지만 그렇지 않은 것 같아요. 문자 안내를 받고 가게에 갔는데, 1층 직원들은 제게 관심이 없어 보였습니다. 또한, 매장 직원이 상품을 보여주는 동안 담배 냄새가 났습니다. 품질이 좋은 제품을 만드는 것도 중요하지만, 서비스 개선도 필요하다고 생각합니다. 아울렛 서비스보다 못한 것 같아요. 방문하실 때는 서비스에 대한 기대를 하지 않는 게 좋을 것 같습니다.",2
TRAIN_042,카카오점수(당시 5.0점) 믿고 갔는데 대실망입니다. 마늘 떨어졌다고 안주는데 아들은 마늘없이 못 먹는다고 사왔습니다. 군대 휴가나온 아들도 별루라고 하고 딸은 한입 먹더니 못 먹습니다. 항상 가던 2.3점 짜리 양꼬치보다 맛없습니다. 심지어 탕수육도 별루입니다.  진심으로 비추입니다.,"카카오점수(당시 5.0점)를 믿고 방문했는데, 제 기대와는 조금 다른 경험이었습니다. 마늘이 떨어져서 안주를 제공하지 않았는데, 저희 아들은 마늘이 없이는 음식을 먹지 못했습니다. 군대 휴가에서 돌아온 아들조차도 별로라고 말하고, 딸도 한입 먹은 후에는 더 이상 먹지 않았습니다. 항상 가던 2.3점짜리 양꼬치보다 맛이 떨어진다는 느낌을 받았습니다. 게다가 탕수육도 그렇게 좋지 않았습니다. 솔직히 말해서 비추천합니다.","카카오점수가 높아서 (당시에는 5.0점이었는데,) 기대하고 갔는데, 엄청 실망했어요. 마늘이 떨어져서 안주를 안 주는데, 아들은 마늘 없이는 못 먹는다며 스스로 가져왔어요. 군대 휴가에서 온 아들도 맛이 별로라고 하고, 딸은 한 입 먹자마자 못 먹겠다고 했어요. 항상 가던 2~3점짜리 양꼬치보다 맛도 없었어요. 심지어 탕수육도 별로였어요. 진심으로 추천하지 않습니다.","카카오점수(당시 5.0점) 믿고 갔는데 너무 실망했어요. 안주에 마늘이 떨어졌다고 해서 안 주는데, 제 아들은 마늘 없이는 못 먹는다고 해서 사왔었거든요. 군대에서 휴가 나온 아들도 별로라고 하고, 딸은 한 입 먹은 후로 못 먹겠다고 해요. 항상 가던 2.3점짜리 양꼬치보다 맛이 없어요. 탕수육도 별로에요. 정말로 비추천합니다.",1
TRAIN_043,"돈까스의 맛이 아주 깔끔하고 좋았습니다. 실제로는 사진에서는 잘 보이지 않지만, 두 조각으로 양이 꽤 많았어요. 감자 고로케는 아주 부드럽고 아이들에게도 좋은 선택일 것 같습니다. 새우튀김과 타르타르 소스는 직접 제작된 것 같은데, 맛이 정말로 궁금했는데 매우 맛있었습니다. 다음에는 생선까스를 주문해서 타르타르 소스를 푹~ 찍어서 먹을 계획이에요. 남은 돈까스와 고로케를 이따 야금야금 다 먹을 생각에 또 즐거움이 느껴집니다. 맛있게 식사했습니다!!!!",돈까스는 정말 깔끔하고 맛있어요. 사진으로는 잘 안 보이지만 두 조각인데 양이 꽤 많아요. 감자 고로케는 아이에게도 부드럽게 먹일 수 있을 것 같아요. 새우튀김과 타르타르 소스는... 수제로 만들었다고 적혀있어서 궁금했는데 정말 맛있어요. 다음에는 생선까스를 시켜서 타르타르 소스를 푹 찍어먹을 생각이에요. 돈까스와 고로케를 다 먹을 생각에 기분이 좋아져요. 맛있게 잘 먹었습니다!,돈까스는 깔끔하고 맛있어요. 사진에는 안 보이지만 양이 제법 많아요. 감자 고로케는 아주 부드럽고 아이에게도 잘 먹힐 것 같아요. 새우튀김과 타르타르 소스는... 수제로 되어있어서 맛이 궁금했는데 정말 맛있어요. 다음에는 생선까스를 시켜서 타르타르 소스를 푹 찍어 먹을 생각이에요. 돈까스와 고로케를 다 먹을 생각에 기대가 되고 즐겁네요. 맛있게 잘 먹었습니다!!!!,돈까스 깔끔하게 맛있습니다.  사진에는 잘 안 보이지만 두 조각이라 양이 제법 많습니다. 감자고로케는 많이 부드러워 아이에게 먹이기도 좋을 것 같습니다. 새우튀김과 온 타르타르 소스는..... 수제라고 적혀 있어서 맛이 궁금했는데 아주 맛있습니다. 다음엔 생선까스 시켜서 타르타르소스 듬뿍 찍어 먹을 생각입니다. 남긴 돈까스와 고로케를 이따 야금야금 다 먹을 생각에 또 즐겁습니다.   맛있게 잘 먹었습니다!!!!,4
TRAIN_044,"이 게임은 확실히 제 기대를 충족시키지 못했습니다. 레벨링, 재미, 편의성, 그래픽 모든 부분에서 불만족스러웠습니다. 2년 동안 킥스타터를 통해 이 게임을 기다렸지만, 정말 실망스럽습니다. 개발자들에 대한 실망도 큽니다. 이런 게임을 친구에게 추천하면 우정이 깨질 것 같습니다.","레벨링, 재미, 편의성, 그래픽 모두가 기대에 못 미친다는 느낌이었습니다. 킥스타터에서 후원하고 기다린 2년 동안의 기대가 완전히 저버려졌어요. 이 게임은 제 기준에서는 아니었네요. 개발자 분들에게 이 부분을 개선해달라는 요청을 드리고 싶습니다. 어떤 사람에게는 이 게임이 좋을 수도 있겠지만, 제가 친구에게 추천한다면 절교 위험이 있을 것 같아요.",최악중의최악 레벨링도 쓰레기 재미도 쓰레기 편의성도 쓰레기 그래픽도 쓰레기 킥스타터 돈 쏴주고 기다린 2년이 아까워서 아무리 해보려고 해도 이건 아니다. 개발자들 싸그리 깜방에 쳐 넣어야돼. 정말 절교하고 싶은 놈이 있다면 이게임을 추천해라.,"레벨링, 재미, 편의성, 그래픽 모두 최악. 2년 동안 기다린 보람 없음. 만족하지 못함. 이 게임을 정말 싫어하는 누군가에게 추천하고 싶다면 해라.",3
TRAIN_045,남성 직원의 태도가 왜 이렇게 공격적일까요? 식사 후 기분 좋게 카페에서 커피를 마시려고 했는데 들어가자마자 옆에 있는 여성 직원이 툭툭거리며 대신 응대하라고 했어요. 그리고 커피를 먹고 가려고 했더니 남성 직원이 얼굴을 찡그리며 왜 먹고 가냐고 물어보더라구요. 질문할 때마다 자기 할 일을 하면서 먼 거리에서 성의 없이 대답하다니 단 한 번도 이런 경험이 없었어요. 너무 기분이 나빠요.,"ㄹㅇ남자 직원의 말투가 조금 공격적인 것 같아서 불쾌했어요. 밥을 먹고 기분 좋게 카페에 와서 커피를 마시려고 했는데, 직원들이 들어오자마자 옆에 있는 여자 직원이 툭툭치며 대신 응대하라는 식으로 말했고, 남자 직원도 친절하지 않은 표정으로 왜 먹고 가냐는 식으로 이야기하더라구요. 질문하는데도 설명을 제대로 해주지 않고 자기 일을 하면서 멀리서 성의없이 답변하는 모습이 너무 싫었어요. 이런 일은 다니면서 전혀 없던 것 같아서 정말 기분이 나빴습니다.","ㄹㅇ남성 직원의 태도가 왜 이렇게 공격적인지 이해할 수 없었습니다. 저는 밥을 먹고 기분 좋게 카페에 와서 커피를 마시려고 했는데, 들어오자마자 옆에 있던 여성 직원이 툭툭하며 대신 응대하라고 하였습니다. 그리고 먹고 가라고 했더니 남성 직원은 인상을 쓰면서 왜 먹고 가냐는 식으로 말했습니다. 질문하는데도 제대로 설명하지 않고 자기 일을 하면서 먼 거리에서 성의 없이 대답하였습니다. 이런 일은 태어나서 한 번도 없었기 때문에 너무나 기분이 나빴습니다.",ㄹㅇ남자직원 왜케 말투 공격적인거에요? 밥먹고 기분좋게 카페와서 커피먹을라고 했는데 들어오자마자 옆에 여자직원 툭툭 치면서 대신 응대하라는 식으로 하고 먹고갈거라고 했더니 갑자기 남자직원은 인상쓰고 왜 먹고 가냐는 식으로 얼굴 하고있고 질문하는데 와서 설명하는게아니고 자기할일하면서 저 멀리서 성의없이 대답하고 이런거 쓴적 태어나서 단 한번도 없는데 너무 기분 나쁘네요,4
TRAIN_046,"이 가격에 이런 품질? 제 동네에 이런 것이 있다니 감사할 따름입니다! 도우는 쫄깃하고, 고구마와 페퍼로니로 가득 찬 피자는 정말 맛있어요. 스파게티도 정말로 추천하고 싶네요. 하지만, 불고기와 쉬림프의 단맛은 조금 줄였으면 좋겠네요.","이 가격대로는 이런 퀄리티를 가진 곳이 주변에 드물다고 생각해요. 도우는 아주 쫄깃하고 맛있습니다. 고구마 토핑도 넉넉하게 주시고, 페퍼로니도 푸짐하게 올려주셔서 만족스러웠습니다. 스파게티도 맛이 좋았다는 점을 덧붙이고 싶네요. 하지만, 불고기와 쉬림프의 단맛은 약간 줄였으면 좋겠다는 생각이 듭니다.",동네에서 이 가격에 이 정도 퀄리티면 진짜 훌륭하다고 생각합니다!! 도우 넘나 쫄깃하고 맛있어요! 고구마도 듬뿍 얹어주시고 페퍼로니도 빈 곳 없이 토핑 가득 올려주셔서 좋습니다. 개인적으로 스파게티도 짱맛입니다... 다만 불고기랑 쉬림프에 단 맛만 조금 덜했으면 좋겠어요ㅠ,"이 가격에 이런 품질의 피자라니, 너무 기분이 좋아요! 도우는 매우 쫄깃하고 고구마와 페퍼로니는 아낌없이 올려주셨어요. 스파게티도 맛있다는 점은 꼭 추가해야겠어요. 단지, 불고기와 쉬림프의 단맛이 조금 줄었다면 정말 완벽했을 것 같아요.",3
TRAIN_047,"바로 갈았어야했는데, 치킨 메뉴가 많아서 고민하다 결국 들어갔어요. 가격은 저렴한 편인데 양이 너무 적네요ㅋㅋㅋ 맛은 그럭저럭이었어요. 그리고 직원들이 왜 이리 불친절한지 모르겠어요. 저는 손님인데도 이정도면 다른 사람이나 익숙한 사람들에게는 어떨지 상상이 가네요. 진짜 인상 깊어요. 그리고 흡연실에서는 담배 냄새가 나서 좀 힘들었어요ㅠ 치킨 먹으러 왔더니 갑질당한 기분이 들었어요.",겉만 번지르르. 치킨메뉴 많은거+주인부부 인상보고 바로 자리박차고 나왔어야했음. 가격은 싸나 양 적음ㅋㅋㅋ 맛 그럭저럭. 그리고 뭐이리 불친절? 갑인 손님한테 이정도면 다른사람들이나 을 관계 사람들한테 어떨지 훤히 보임. 인상은 정녕 과학. 담배냄새 나오는 흡연실ㅠ 치킨먹으러 가서 갑질당하고 온 기분,"겉으로는 분위기가 번지르르했습니다. 다양한 치킨 메뉴가 많고, 주인 부부의 인상도 괜찮아 보여서 자리를 잡았어야 했는데요. 가격은 저렴하지만 양이 조금 부족한 편이었습니다. 맛은 그럭저럭 괜찮았습니다. 다만, 서비스가 조금 불친절했던 것 같아서 놀랐습니다. 갑인 손님에게도 이 정도면 다른 사람들에게는 어떨지 더 잘 보일 것 같네요. 주변에 담배 냄새가 나는 흡연실이 있어서 조금 아쉬웠습니다. 치킨을 먹으러 갔는데 갑질을 당한 기분이었습니다.","겉은 바삭바삭한데, 치킨 메뉴가 많고 주인부부가 인상적이어서 들어갔는데 바로 나왔어야 했어요. 가격은 저렴하지만 양이 적어요 ㅋㅋㅋ 맛은 그럭저럭이에요. 그리고 왜 이렇게 불친절하죠? 손님에게 갑질을 한다면 다른 사람들에게는 어떨지 보여요. 주인의 인상은 정말 과학적이네요. 흡연실에서 담배 냄새가 나와서 좀 찝찝한 기분이에요. 치킨 먹으러 갔다가 갑질당한 느낌이 들었어요.",2
TRAIN_048,"단체로 와서 잘 먹었는데 회뿐만 아니라 술도 시키면서 먹고 있었는데 ""적당히""드시라는 말을 계속해서 사용해 가며 불쾌했어요. 무한리필이라는 건데 이렇게 부담스러울 줄은 몰랐어요. 저희 테이블만 손님인데 TV를 보면서 맥주를 마시는 건 별로였어요. 저희가 운동선수처럼 많이 먹는 것도 아닌데 그렇게 대우를 받으니 싫네요. 다음에는 이곳에 방문하지 않을 거에요.","단체로 방문해서 맛있게 식사를 했지만, 회뿐만 아니라 술도 함께 시켜서 먹고 있었는데 ""적당히"" 드실래요? 라는 말을 계속해서 사용하면서 불쾌한 기분을 받았습니다. 무한리필이라는 시스템이 이렇게 부담스러울 줄은 몰랐습니다. 저희 테이블에는 손님만 있었는데, TV를 보면서 맥주를 마시는 것 같아서 별로였어요. 우리가 운동선수에 비유하면 먹방을 하는 사람처럼 식사를 하는 것도 아닌데 이런 대우를 받다니 다음에는 안 가고 싶네요.","단체로 와서 잘 먹었지만 회만 먹은 것도 아니고 술도 시키면서 먹고 있을 때 ""적당히"" 드실래요라는 말을 사용하면서 불쾌한 기분이 들고 그만두라는 느낌을 주네요. 무한리필이라는 게 이렇게 부담스러운 곳이었나 싶기도 하고요. 저희 테이블만 손님으로 있었는데 티비를 보면서 맥주를 드시지 않으신다면 별로네요. 저희는 운동선수처럼 먹는 것도 아닌데 그렇네요. 다음에는 안 오고 싶네요.","단체로 와서 잘먹긴했지만 회만 먹은것도 아니고 술도 시키면서 먹고있는데 ""적당히""드시라는 단어를 사용해가며 기분나빠하고 그만먹으라는 듯이 그러네요. 무한리필이라는게 이렇게 부담을 주는 곳이였나 싶기도 하구요 저희 테이블만 손님이있었는데 티비보면서 맥주를 드시지않나.. 별로네요. 저희가 운동선수, 빗대어 표현하면 먹방 찍는사람처럼 먹는것도 아닌데 그러네요? 그냥 다음부터 안오고싶네요.",4
TRAIN_049,"★★★☆(3.5)  모둠초밥(12,000원) 가성비 좋음! 참소라를 못 먹어서 다른 걸로 바꿔달라 부탁드렸는데 연어로 바꿔주셔서 감사했어요ㅎㅡㅎ 연어 엄청 두껍고 맛있음!  가장 처음 먹었던 광어 초밥이 약간 따뜻해서 아쉬웠고 뭔가 가게 내부에 들어가니 상당히 어수선한 느낌을 받았다.   전반적으로 나쁘지 않았으나 큰 메리트를 느끼진 못했다!","★★★☆(3.5)  모둠초밥(12,000원), 가성비 좋아! 참소라 대신 연어로 바꿔줘서 고마웠어ㅎㅡㅎ 연어 두껍고 맛있어! 처음 먹은 광어 초밥은 약간 따뜻하고, 가게 내부는 조금 어수선한 느낌이었어. 전반적으로 괜찮았지만 큰 매력을 못느꼈어!","리뷰: ★★★☆(3.5) 모둠초밥(12,000원)를 시켰는데 가격 대비 맛있어요! 참소라 대신 연어로 바꿔달라고 요청했는데 연어로 바꿔주셔서 감사했어요ㅎㅡㅎ 연어는 두껍고 맛이 좋았어요! 제일 처음 먹은 광어 초밥이 조금 따뜻해서 아쉬웠지만, 가게 내부에 들어가니 조금 혼잡한 느낌이었습니다. 전반적으로는 괜찮았지만 큰 장점을 느끼진 못했습니다!","★★★☆(3.5) 모둠 초밥(12,000원)은 정말 가성비가 좋아요! 처음에 참소라를 못 먹을 거라고 했는데, 친절하게 연어로 바꿔주셨어요. 연어는 엄청 두꺼워서 맛있었어요! 다만, 처음 먹은 광어 초밥이 약간 따뜻해서 아쉽고, 가게 안으로 들어가니 조금 어수선한 느낌을 받았어요. 전반적으로는 나쁘지 않았지만, 큰 매력을 느끼진 못했어요.",1
